t,I_Oicha,C_Oicha,DC_Oicha,D_Oicha,DD_Oicha,SDB_Oicha,capSDB_Oicha,Beds_Oicha,incETU_Oicha,ETU_Oicha,capETU_Oicha,incH_Oicha,incCT_Oicha,CT_Oicha,capCT_Oicha,incCC_Oicha,incV_Oicha,incVG_Oicha,
0,1,0,0,0,0,0,0,0,0,0,0,0,0,0,0,0,0,0,
1,0,0,0,0,0,0,0,0,0,0,0,0,0,0,0,0,0,0,
2,0,0,0,0,0,0,0,0,0,0,0,0,0,0,0,0,0,0,
3,0,0,0,0,0,0,0,0,0,0,0,0,0,0,0,0,0,0,
4,0,0,0,0,0,0,0,0,0,0,0,0,0,0,0,0,0,0,
5,0,0,0,0,0,0,0,0,0,0,0,0,0,0,0,0,0,0,
6,0,0,0,0,0,0,0,0,0,0,0,0,0,0,0,0,0,0,
7,0,0,0,0,0,0,0,0,0,0,0,0,0,0,0,0,0,0,
8,0,1,0,0,0,0,0,0,0,0,0,0,0,0,0,0,0,0,
9,1,0,0,0,0,0,0,0,0,0,0,0,0,0,0,0,0,0,
10,2,0,0,0,0,0,0,0,0,0,0,0,0,0,0,0,0,0,
11,2,0,0,0,0,0,0,0,0,0,0,0,0,0,0,0,0,0,
12,3,0,0,0,0,0,0,0,0,0,0,1,0,0,0,0,0,0,
13,1,0,0,0,0,0,0,0,0,0,0,0,0,0,0,0,0,0,
14,2,0,1,0,0,0,0,0,0,0,0,0,0,0,0,0,0,0,
15,1,1,0,0,0,0,0,0,0,0,0,0,0,0,0,0,0,0,
16,0,1,0,0,0,0,0,0,0,0,0,0,0,0,0,0,0,0,
17,3,1,0,0,0,0,0,0,0,0,0,0,0,0,0,0,0,0,
18,1,0,0,0,0,0,0,0,0,0,0,0,0,0,0,0,0,0,
19,4,0,0,0,0,0,0,0,0,0,0,0,0,0,0,0,0,0,
20,2,0,0,0,0,0,0,0,0,0,0,1,0,0,0,0,0,0,
21,2,0,0,0,0,0,0,0,0,0,0,0,0,0,0,0,0,0,
22,5,1,1,0,0,0,0,0,0,0,0,1,0,0,0,0,0,0,
23,2,0,1,0,0,0,0,0,0,0,0,0,0,0,0,0,0,0,
24,3,1,0,0,0,0,0,0,0,0,0,0,0,0,0,0,0,0,
25,1,2,0,0,0,0,0,0,0,0,0,0,0,0,0,0,0,0,
26,3,4,0,0,0,0,0,0,0,0,0,0,0,0,0,0,0,0,
27,6,1,0,2,2,0,0,0,0,0,0,0,0,0,0,0,0,0,
28,2,1,0,3,3,0,0,0,0,0,0,1,0,0,0,0,0,0,
29,2,4,0,1,1,0,0,0,0,0,0,0,0,0,0,0,0,0,
30,1,3,1,0,0,0,0,0,0,0,0,2,0,0,0,0,0,0,
31,6,1,1,0,0,0,0,0,0,0,0,2,0,0,0,0,0,0,
32,1,2,3,0,0,0,0,0,0,0,0,0,0,0,0,0,0,0,
33,0,7,0,0,0,0,0,0,0,0,0,0,0,0,0,0,0,0,
34,2,2,0,0,0,0,0,0,0,0,0,3,0,0,0,0,0,0,
35,3,5,3,1,1,0,0,0,0,0,0,2,0,0,0,0,0,0,
36,3,2,2,1,1,0,0,0,0,0,0,1,0,0,0,0,0,0,
37,4,4,0,0,0,0,0,0,0,0,0,1,0,0,0,0,0,0,
38,7,2,2,1,0,0,0,0,0,0,0,1,0,0,0,0,0,0,
39,2,2,1,1,0,0,0,0,0,0,0,0,38,38,2500,0,0,0,
40,4,1,0,1,0,0,0,0,0,0,0,1,0,38,2500,0,0,0,
41,3,2,1,2,0,0,0,0,0,0,0,0,9,47,2500,0,0,0,
42,2,3,3,1,0,0,40,0,0,0,0,1,43,87,2500,2,0,0,
43,2,4,1,1,0,0,40,0,0,0,0,1,0,87,2500,0,0,0,
44,0,3,3,1,0,0,40,0,0,0,0,0,30,114,2500,2,0,0,
45,6,1,2,2,0,0,40,0,0,0,0,0,45,159,2500,0,0,0,
46,6,7,1,2,0,0,40,24,3,3,0,0,0,159,2500,0,0,0,
47,4,7,4,1,1,1,40,24,2,5,0,0,53,209,2500,3,0,0,
48,4,1,0,3,1,0,40,24,5,10,0,0,0,208,2500,0,0,0,
49,2,2,4,5,0,0,40,24,1,11,0,0,138,345,2500,1,0,0,
50,1,3,2,5,1,1,40,24,2,13,0,0,40,384,2500,1,0,0,
51,6,3,2,5,4,3,40,24,6,17,0,0,5,385,2500,2,0,0,
52,1,6,7,4,4,1,40,24,5,21,0,0,14,395,2500,2,0,0,
53,0,4,8,4,3,2,40,24,3,22,0,0,26,414,2500,5,0,0,
54,0,2,1,4,3,1,40,24,4,24,0,0,40,452,2500,0,0,0,
55,0,4,4,2,2,1,40,24,1,24,1,0,112,559,2500,2,0,0,
56,1,2,4,1,1,0,40,24,2,24,1,0,4,558,2500,3,0,0,
57,3,3,1,0,0,0,40,24,1,24,1,1,68,620,2500,0,0,0,
58,1,1,2,0,0,0,40,24,0,24,1,0,0,614,2500,0,0,0,
59,0,2,3,2,2,2,40,24,1,24,1,0,31,640,2500,2,0,0,
60,1,0,1,2,2,0,40,48,3,27,0,0,19,630,2500,0,0,0,
61,2,3,2,3,3,3,40,48,1,24,0,0,46,674,2500,1,0,0,
62,0,0,0,3,3,0,40,48,1,24,0,0,0,665,2500,0,0,0,
63,0,1,1,2,2,2,40,48,2,24,0,0,0,627,2500,0,0,0,
64,1,0,1,4,4,2,40,48,0,22,0,0,8,630,2500,0,0,0,
65,1,2,0,3,2,0,40,48,0,20,0,0,0,602,2500,0,0,0,
66,1,1,1,4,3,3,40,48,3,21,0,0,21,575,2500,1,0,0,
67,0,1,2,4,4,1,40,48,0,19,0,0,4,574,2500,0,0,0,
68,0,2,0,1,1,0,40,48,0,18,0,0,0,521,2500,0,0,0,
69,0,1,1,0,0,0,40,48,0,17,0,0,8,523,2500,1,0,0,
70,2,1,0,2,2,2,40,48,3,18,0,0,0,404,2500,0,0,0,
71,1,1,2,3,3,1,40,48,0,17,0,0,0,369,2500,0,0,0,
72,3,0,0,5,4,3,40,48,1,15,0,0,0,364,2500,0,0,0,
73,1,2,2,4,3,0,40,48,1,16,0,0,40,390,2500,1,0,0,
74,1,1,2,0,0,0,40,48,1,15,0,0,26,390,2500,1,0,0,
75,2,1,1,0,0,0,40,48,1,14,0,0,4,356,2500,1,0,0,
76,1,1,1,2,2,2,40,48,1,13,0,0,0,254,2500,1,0,0,
77,0,1,2,2,2,0,40,48,1,13,0,0,15,262,2500,2,0,0,
78,0,2,1,0,0,0,40,48,2,15,0,0,0,198,2500,1,0,0,
79,0,0,1,1,1,1,40,48,0,13,0,0,0,197,2500,0,0,0,
80,0,0,0,3,3,2,40,48,1,13,0,0,0,172,2500,0,0,0,
81,0,0,0,3,3,1,40,48,1,13,0,0,0,154,2500,0,0,0,
82,0,0,1,1,1,0,40,48,1,13,0,0,6,115,2500,0,0,0,
83,3,2,0,1,1,1,40,48,1,13,0,0,0,113,2500,0,0,0,
84,4,1,1,1,1,0,40,48,0,13,0,0,0,112,2500,0,0,0,
85,3,2,0,1,1,1,40,48,0,10,0,0,0,105,2500,0,0,0,
86,2,2,2,1,1,0,40,48,0,10,0,0,9,112,2500,2,0,0,
87,3,2,0,0,0,0,40,48,3,12,0,0,0,96,2500,0,0,0,
88,3,1,0,2,2,2,80,48,1,11,0,0,0,92,2500,0,0,0,
89,0,2,2,3,3,1,80,48,1,11,0,0,20,112,2500,0,0,0,
90,2,1,1,2,2,1,80,48,1,11,0,0,9,114,2500,0,0,0,
91,0,0,2,1,1,0,80,48,1,12,0,0,0,113,2500,1,0,0,
92,2,3,1,0,0,0,80,48,2,14,0,0,28,140,2500,1,0,0,
93,0,1,2,1,0,0,80,48,3,16,0,0,37,177,2500,0,0,0,
94,2,4,2,2,1,1,80,48,0,15,0,0,1,145,2500,1,0,0,
95,1,0,1,1,1,0,80,48,0,14,0,0,0,125,2500,0,0,0,
96,1,2,1,0,0,0,80,48,1,14,0,0,11,130,2500,1,0,0,
97,4,1,0,0,0,0,80,48,2,16,0,0,0,129,2500,0,0,0,
98,2,1,2,0,0,0,80,48,2,17,0,0,34,149,2500,0,0,0,
99,0,1,1,0,0,0,80,48,2,18,0,0,36,182,2500,0,0,0,
100,1,1,2,0,0,0,80,48,0,16,0,0,0,181,2500,1,0,0,
101,0,3,2,0,0,0,80,48,0,14,0,0,3,181,2500,2,0,0,
102,2,1,0,0,0,0,80,48,3,17,0,0,0,180,2500,0,0,0,
103,1,2,2,1,1,1,80,48,2,18,0,0,25,197,2500,1,0,0,
104,3,0,1,3,2,1,80,48,1,17,0,0,8,203,2500,1,0,0,
105,1,0,0,2,1,0,80,48,0,17,0,0,0,203,2500,0,0,0,
106,1,0,1,1,1,1,80,48,0,15,0,0,0,203,2500,0,0,0,
107,0,0,0,1,1,0,80,48,1,15,0,0,0,194,2500,0,0,0,
108,0,2,2,2,2,2,80,48,1,14,0,0,13,203,2500,1,0,0,
109,0,1,2,3,3,1,80,48,1,14,0,0,33,235,2500,1,0,0,
110,0,6,4,1,1,0,80,48,2,16,0,0,13,227,2500,4,0,0,
111,1,0,0,0,0,0,80,48,2,18,0,0,0,220,2500,0,0,0,
112,1,0,0,0,0,0,80,48,1,17,0,0,0,218,2500,0,0,0,
113,0,0,0,0,0,0,80,48,0,17,0,0,0,194,2500,0,0,0,
114,1,1,2,2,2,1,80,48,2,17,0,0,61,220,2500,1,0,0,
115,0,2,2,2,2,0,80,48,0,17,0,0,11,227,2500,2,0,0,
116,1,0,1,0,0,0,80,48,0,16,0,0,0,225,2500,0,0,0,
117,0,1,1,1,1,1,80,48,0,16,0,0,0,209,2500,1,0,0,
118,1,0,0,1,1,0,80,48,0,16,0,0,0,209,2500,0,0,0,
119,2,1,1,1,1,1,80,48,0,15,0,0,21,203,2500,1,0,0,
120,0,2,1,2,2,1,80,48,2,15,0,0,6,176,2500,1,0,0,
121,3,0,0,1,1,0,80,48,0,15,0,0,0,176,2500,0,0,0,
122,3,1,0,1,1,1,80,48,0,14,0,0,0,171,2500,0,0,0,
123,1,1,0,2,2,1,80,48,0,14,0,0,0,170,2500,0,0,0,
124,1,2,1,1,1,0,80,48,0,10,0,0,0,146,2500,1,0,0,
125,1,0,0,0,0,0,80,48,2,12,0,0,0,138,2500,0,0,0,
126,0,2,2,0,0,0,80,48,1,12,0,0,33,169,2500,1,0,0,
127,0,0,0,0,0,0,80,48,1,10,0,0,0,169,2500,0,0,0,
128,0,1,2,1,1,1,80,48,1,10,0,0,19,186,2500,2,0,0,
129,0,1,3,2,2,1,80,48,2,10,0,0,5,177,2500,2,0,0,
130,3,3,1,1,1,0,80,48,1,11,0,0,5,152,2500,1,0,0,
131,4,0,0,0,0,0,80,48,2,13,0,0,0,140,2500,0,0,0,
132,0,1,2,0,0,0,80,48,0,13,0,0,6,143,2500,2,0,0,
133,0,1,0,0,0,0,80,48,1,12,0,0,0,142,2500,0,0,0,
134,1,4,3,0,0,0,80,48,2,13,0,0,4,143,2500,3,0,0,
135,2,1,1,0,0,0,80,48,1,14,0,0,18,108,2500,1,0,0,
136,1,1,2,0,0,0,80,48,1,14,0,0,11,109,2500,0,0,0,
137,3,0,0,0,0,0,80,48,1,15,0,0,0,108,2500,0,0,0,
138,0,0,0,0,0,0,80,48,1,16,0,0,0,108,2500,0,0,0,
139,1,1,1,0,0,0,80,48,2,17,0,0,3,109,2500,1,0,0,
140,1,1,1,0,0,0,80,48,0,17,0,0,36,131,2500,0,0,0,
141,0,0,0,1,1,1,80,48,1,17,0,0,0,125,2500,0,0,0,
142,0,1,2,3,3,2,80,48,0,14,0,0,20,144,2500,1,0,0,
143,1,1,0,2,2,0,80,48,1,15,0,0,0,144,2500,0,0,0,
144,3,1,0,1,1,1,80,48,1,14,0,0,0,143,2500,0,0,0,
145,2,2,1,1,1,0,80,48,0,13,0,0,0,143,2500,0,0,0,
146,1,1,1,0,0,0,80,48,0,13,0,0,3,145,2500,1,0,0,
147,1,1,0,1,1,1,80,48,1,12,0,0,0,122,2500,0,0,0,
148,5,2,1,1,1,0,80,48,1,10,0,0,26,147,2500,1,0,0,
149,1,1,0,0,0,0,80,48,1,10,0,0,0,131,2500,0,0,0,
150,1,0,1,0,0,0,80,48,1,11,0,0,38,165,2500,0,0,0,
151,2,1,1,2,2,2,80,48,0,9,0,0,8,166,2500,1,0,0,
152,1,1,1,2,2,0,80,48,1,10,0,0,3,168,2500,1,0,0,
153,0,0,1,0,0,0,80,48,2,12,0,0,2,161,2500,1,0,0,
154,1,0,1,1,1,1,80,48,1,11,0,0,0,160,2500,1,0,0,
155,0,1,2,2,1,0,80,48,0,11,0,0,17,172,2500,1,0,0,
156,1,1,1,1,0,0,80,48,3,14,0,0,2,157,2500,1,0,0,
157,0,2,2,0,0,0,80,48,0,14,0,0,11,158,2500,2,0,0,
158,1,2,2,0,0,0,80,48,1,15,0,0,2,158,2500,2,0,0,
159,2,2,1,0,0,0,80,48,2,17,0,0,29,185,2500,1,0,0,
160,1,2,2,0,0,0,80,48,0,16,0,0,14,191,2500,2,0,0,
161,2,0,0,1,1,1,80,48,1,16,0,0,0,157,2500,0,0,0,
162,3,0,0,1,1,0,80,48,2,18,0,0,0,155,2500,0,0,0,
163,0,1,1,0,0,0,80,48,0,18,0,0,5,139,2500,1,0,0,
164,2,2,1,3,3,3,80,48,0,15,0,0,15,153,2500,1,0,0,
165,1,1,1,3,3,0,80,48,2,16,0,0,0,151,2500,1,0,0,
166,1,1,1,1,1,1,80,48,0,15,0,0,0,150,2500,1,0,0,
167,2,0,0,1,1,0,80,48,2,16,0,0,0,147,2500,0,0,0,
168,3,0,0,1,1,1,80,48,0,14,0,0,0,146,2500,0,0,0,
169,0,3,1,1,1,0,120,48,1,14,0,0,40,161,2500,0,0,0,
170,1,2,1,0,0,0,120,48,0,14,0,0,3,162,2500,1,0,0,
171,1,2,0,0,0,0,120,48,0,13,0,0,0,136,2500,0,0,0,
172,4,3,0,2,2,2,120,48,0,11,0,0,0,131,2500,0,0,0,
173,5,0,0,2,2,0,120,48,0,11,0,0,0,130,2500,0,0,0,
174,3,2,0,3,3,3,120,48,2,8,0,0,0,128,2500,0,0,0,
175,6,3,2,3,3,0,120,48,1,9,0,0,71,198,2500,1,0,0,
176,4,3,1,0,0,0,120,48,2,11,0,0,2,185,2500,1,0,0,
177,4,1,2,1,0,0,120,48,1,12,0,0,64,246,2500,0,0,0,
178,0,3,2,2,1,1,120,48,1,12,0,0,9,244,2500,2,0,0,
179,3,2,1,1,1,0,120,48,2,14,0,0,18,255,2500,1,0,0,
180,1,3,2,1,1,1,120,48,3,16,0,0,37,264,2500,1,0,0,
181,0,2,3,2,2,1,120,48,1,17,0,0,27,276,2500,3,0,0,
182,0,1,2,2,1,0,120,48,1,18,0,0,6,278,2500,2,0,0,
183,1,1,2,1,0,0,120,48,0,18,0,0,4,280,2500,2,0,0,
184,2,4,3,1,1,1,120,48,3,20,0,0,5,276,2500,3,0,0,
185,1,4,4,1,1,0,120,48,3,23,0,0,12,268,2500,4,0,0,
186,1,2,2,2,1,1,120,48,5,27,0,0,4,267,2500,2,0,0,
187,1,2,2,6,5,4,120,48,2,25,0,0,3,268,2500,2,0,0,
188,0,4,3,4,4,0,120,48,2,27,0,0,7,268,2500,3,0,0,
189,2,2,2,2,1,1,120,48,2,27,0,0,5,269,2500,2,0,0,
190,1,3,3,5,3,2,120,48,1,25,0,0,63,297,2500,2,0,0,
191,0,2,2,4,3,1,120,48,2,25,0,0,2,290,2500,2,0,0,
192,0,2,2,2,1,0,120,48,3,28,0,0,17,304,2500,2,0,0,
193,0,0,0,3,2,2,120,48,3,27,0,0,0,304,2500,0,0,0,
194,0,0,1,3,3,1,120,48,0,25,0,0,7,309,2500,1,0,0,
195,1,3,2,3,2,1,120,48,2,24,0,0,11,316,2500,2,0,0,
196,0,0,1,3,2,1,120,48,2,25,0,0,0,249,2500,0,0,0,
197,0,1,1,1,1,0,120,48,0,24,0,0,2,245,2500,1,0,0,
198,0,1,0,1,1,1,120,48,1,24,0,0,0,200,2500,0,0,0,
199,0,0,0,5,4,3,120,48,0,20,0,0,0,191,2500,0,0,0,
200,1,2,1,6,5,2,120,48,1,19,0,0,3,181,2500,1,0,0,
201,2,0,1,4,4,2,120,48,1,17,0,0,0,154,2500,0,0,0,
202,2,0,0,5,5,3,120,48,0,14,0,0,0,133,2500,0,0,0,
203,0,2,0,3,3,0,120,48,1,15,0,0,0,129,2500,0,0,0,
204,2,0,1,0,0,0,120,48,0,15,0,0,40,165,2500,0,0,0,
205,2,4,1,1,1,1,120,48,2,16,0,0,0,160,2500,1,0,0,
206,0,0,1,2,2,1,120,48,0,15,0,0,26,176,2500,0,0,0,
207,0,0,0,4,3,2,160,48,0,12,0,0,0,170,2500,0,0,0,
208,1,0,0,3,2,0,160,48,1,13,0,0,0,167,2500,0,0,0,
209,0,0,1,0,0,0,160,48,1,14,0,0,0,162,2500,0,0,0,
210,1,2,1,0,0,0,160,48,1,15,0,0,20,175,2500,1,0,0,
211,1,0,2,0,0,0,160,48,0,14,0,0,37,155,2500,1,0,0,
212,0,1,1,0,0,0,160,48,0,13,0,0,11,162,2500,1,0,0,
213,1,1,0,0,0,0,160,48,1,14,0,0,0,146,2500,0,0,0,
214,1,1,1,0,0,0,160,48,0,14,0,0,6,149,2500,1,0,0,
215,1,0,0,1,1,1,160,48,1,13,0,0,0,142,2500,0,0,0,
216,1,2,2,1,1,0,160,48,0,11,0,0,3,133,2500,2,0,0,
217,0,0,0,0,0,0,160,48,3,13,0,0,0,131,2500,0,0,0,
218,1,1,1,1,1,1,160,48,1,13,0,0,0,128,2500,1,0,0,
219,0,0,1,2,2,1,160,48,1,12,0,0,35,163,2500,0,0,0,
220,0,0,0,1,1,0,160,48,0,12,0,0,0,162,2500,0,0,0,
221,0,1,0,2,2,2,160,48,0,10,0,0,0,159,2500,0,0,0,
222,1,1,1,3,3,1,160,48,0,9,0,0,6,164,2500,1,0,0,
223,2,0,0,3,3,2,160,48,1,8,0,0,0,164,2500,0,0,0,
224,0,0,0,2,2,0,160,48,0,7,0,0,0,164,2500,0,0,0,
225,0,1,0,2,1,1,160,48,0,6,0,0,0,128,2500,0,0,0,
226,2,1,0,2,1,0,160,48,0,5,0,0,0,127,2500,0,0,0,
227,0,0,0,0,0,0,160,48,0,5,0,0,0,108,2500,0,0,0,
228,0,0,0,1,1,1,160,48,0,3,0,0,0,107,2500,0,0,0,
229,0,2,1,1,1,0,160,48,0,3,0,0,17,123,2500,1,0,0,
230,0,0,0,0,0,0,160,48,2,5,0,0,0,123,2500,0,0,0,
231,1,0,1,0,0,0,160,48,0,5,0,0,0,106,2500,0,0,0,
232,0,1,1,0,0,0,160,48,0,5,0,0,21,93,2500,1,0,0,
233,0,1,0,0,0,0,160,48,0,5,0,0,0,85,2500,0,0,0,
234,0,1,1,1,1,1,160,48,1,5,0,0,25,108,2500,1,0,0,
235,0,0,1,1,1,0,160,48,1,6,0,0,0,101,2500,0,0,0,
236,0,0,0,0,0,0,160,48,0,6,0,0,0,101,2500,0,0,0,
237,0,0,0,0,0,0,160,48,1,7,0,0,0,98,2500,0,0,0,
238,0,1,0,1,0,0,160,48,1,8,0,0,0,97,2500,0,0,0,
239,0,0,1,1,0,0,160,48,0,8,0,0,0,97,2500,0,0,0,
240,0,0,0,1,1,1,160,48,0,7,0,0,0,65,2500,0,0,0,
241,0,1,0,2,2,1,160,48,0,6,0,0,0,65,2500,0,0,0,
242,0,0,0,1,1,0,160,48,1,7,0,0,0,65,2500,0,0,0,
243,0,0,0,0,0,0,160,48,0,7,0,0,0,59,2500,0,0,0,
244,0,0,1,0,0,0,160,48,0,7,0,0,42,101,2500,0,0,0,
245,0,0,0,0,0,0,160,48,0,7,0,0,0,100,2500,0,0,0,
246,0,0,0,1,1,1,160,48,1,7,0,0,0,100,2500,0,0,0,
247,0,0,1,2,2,1,160,48,0,6,0,0,36,134,2500,0,0,0,
248,0,0,0,1,1,0,160,48,0,6,0,0,0,133,2500,0,0,0,
249,1,0,0,0,0,0,160,48,0,6,0,0,0,133,2500,0,0,0,
250,0,0,0,0,0,0,160,48,0,6,0,0,0,118,2500,0,0,0,
251,1,0,0,0,0,0,160,48,0,5,0,0,0,116,2500,0,0,0,
252,0,1,1,1,1,1,160,48,0,4,0,0,21,136,2500,1,0,0,
253,0,0,0,1,1,0,160,48,0,4,0,0,0,119,2500,0,0,0,
254,0,0,0,1,1,1,160,48,0,3,0,0,0,119,2500,0,0,0,
255,0,0,0,1,1,0,160,48,0,3,0,0,0,97,2500,0,0,0,
256,0,0,0,0,0,0,160,48,0,3,0,0,0,97,2500,0,0,0,
257,0,0,0,0,0,0,160,48,1,4,0,0,0,95,2500,0,0,0,
258,0,2,1,0,0,0,160,48,0,4,0,0,16,110,2500,1,0,0,
259,0,0,0,0,0,0,160,48,1,5,0,0,0,110,2500,0,0,0,
260,0,0,0,0,0,0,160,48,0,5,0,0,0,110,2500,0,0,0,
261,0,0,0,0,0,0,160,48,0,5,0,0,0,109,2500,0,0,0,
262,0,0,0,0,0,0,160,48,0,4,0,0,0,109,2500,0,0,0,
263,0,0,0,0,0,0,160,48,1,5,0,0,0,109,2500,0,0,0,
264,0,0,1,0,0,0,160,48,0,5,0,0,38,147,2500,0,0,0,
265,0,0,0,0,0,0,160,48,0,5,0,0,0,107,2500,0,0,0,
266,0,0,0,0,0,0,160,48,0,5,0,0,0,107,2500,0,0,0,
267,0,0,0,0,0,0,160,48,0,5,0,0,0,106,2500,0,0,0,
268,0,0,0,0,0,0,160,48,0,5,0,0,0,74,2500,0,0,0,
269,0,0,0,1,1,1,160,48,0,4,0,0,0,74,2500,0,0,0,
270,0,0,0,1,1,0,160,48,0,3,0,0,0,74,2500,0,0,0,
271,0,0,0,0,0,0,160,48,0,3,0,0,0,74,2500,0,0,0,
272,0,0,0,0,0,0,160,48,0,3,0,0,0,74,2500,0,0,0,
273,0,0,0,0,0,0,160,48,0,3,0,0,0,52,2500,0,0,0,
274,0,0,0,0,0,0,160,48,0,3,0,0,0,52,2500,0,0,0,
275,0,0,0,0,0,0,160,48,0,3,0,0,0,51,2500,0,0,0,
276,0,0,0,0,0,0,160,48,0,2,0,0,0,51,2500,0,0,0,
277,0,0,0,0,0,0,160,48,0,2,0,0,0,51,2500,0,0,0,
278,0,0,0,0,0,0,160,48,0,2,0,0,0,51,2500,0,0,0,
279,0,0,0,0,0,0,160,48,0,2,0,0,0,36,2500,0,0,0,
280,0,0,0,0,0,0,160,48,0,1,0,0,0,36,2500,0,0,0,
281,0,0,0,1,1,1,160,48,0,0,0,0,0,36,2500,0,0,0,
282,0,0,0,1,1,0,160,48,0,0,0,0,0,35,2500,0,0,0,
283,0,0,0,0,0,0,160,48,0,0,0,0,0,35,2500,0,0,0,
284,0,0,0,0,0,0,160,48,0,0,0,0,0,35,2500,0,0,0,
285,0,0,0,0,0,0,160,48,0,0,0,0,0,35,2500,0,0,0,
286,0,0,0,0,0,0,160,48,0,0,0,0,0,35,2500,0,0,0,
287,0,0,0,0,0,0,160,48,0,0,0,0,0,35,2500,0,0,0,
288,0,0,0,0,0,0,160,48,0,0,0,0,0,35,2500,0,0,0,
289,0,0,0,0,0,0,160,48,0,0,0,0,0,35,2500,0,0,0,
290,0,0,0,0,0,0,160,48,0,0,0,0,0,35,2500,0,0,0,
291,0,0,0,0,0,0,160,48,0,0,0,0,0,35,2500,0,0,0,
292,0,0,0,0,0,0,160,48,0,0,0,0,0,35,2500,0,0,0,
293,0,0,0,0,0,0,160,48,0,0,0,0,0,35,2500,0,0,0,
294,0,0,0,0,0,0,160,48,0,0,0,0,0,35,2500,0,0,0,
295,0,0,0,0,0,0,160,48,0,0,0,0,0,35,2500,0,0,0,
296,0,0,0,0,0,0,160,48,0,0,0,0,0,35,2500,0,0,0,
297,0,0,0,0,0,0,160,48,0,0,0,0,0,35,2500,0,0,0,
298,0,0,0,0,0,0,160,48,0,0,0,0,0,35,2500,0,0,0,
299,0,0,0,0,0,0,160,48,0,0,0,0,0,35,2500,0,0,0,
300,0,0,0,0,0,0,160,48,0,0,0,0,0,35,2500,0,0,0,
301,0,0,0,0,0,0,160,48,0,0,0,0,0,35,2500,0,0,0,
302,0,0,0,0,0,0,160,48,0,0,0,0,0,35,2500,0,0,0,
303,0,0,0,0,0,0,160,48,0,0,0,0,0,35,2500,0,0,0,
304,0,0,0,0,0,0,160,48,0,0,0,0,0,35,2500,0,0,0,
305,0,0,0,0,0,0,160,48,0,0,0,0,0,35,2500,0,0,0,
306,0,0,0,0,0,0,160,48,0,0,0,0,0,35,2500,0,0,0,
307,0,0,0,0,0,0,0,0,0,0,0,0,0,35,0,0,0,0,
308,0,0,0,0,0,0,0,0,0,0,0,0,0,35,0,0,0,0,
309,0,0,0,0,0,0,0,0,0,0,0,0,0,35,0,0,0,0,
310,0,0,0,0,0,0,0,0,0,0,0,0,0,35,0,0,0,0,
311,0,0,0,0,0,0,0,0,0,0,0,0,0,35,0,0,0,0,
312,0,0,0,0,0,0,0,0,0,0,0,0,0,35,0,0,0,0,
313,0,0,0,0,0,0,0,0,0,0,0,0,0,35,0,0,0,0,
314,0,0,0,0,0,0,0,0,0,0,0,0,0,35,0,0,0,0,
315,0,0,0,0,0,0,0,0,0,0,0,0,0,35,0,0,0,0,
316,0,0,0,0,0,0,0,0,0,0,0,0,0,35,0,0,0,0,
317,0,0,0,0,0,0,0,0,0,0,0,0,0,35,0,0,0,0,
318,0,0,0,0,0,0,0,0,0,0,0,0,0,35,0,0,0,0,
319,0,0,0,0,0,0,0,0,0,0,0,0,0,35,0,0,0,0,
320,0,0,0,0,0,0,0,0,0,0,0,0,0,35,0,0,0,0,
321,0,0,0,0,0,0,0,0,0,0,0,0,0,35,0,0,0,0,
322,0,0,0,0,0,0,0,0,0,0,0,0,0,35,0,0,0,0,
323,0,0,0,0,0,0,0,0,0,0,0,0,0,35,0,0,0,0,
324,0,0,0,0,0,0,0,0,0,0,0,0,0,35,0,0,0,0,
325,0,0,0,0,0,0,0,0,0,0,0,0,0,35,0,0,0,0,
326,0,0,0,0,0,0,0,0,0,0,0,0,0,35,0,0,0,0,
327,0,0,0,0,0,0,0,0,0,0,0,0,0,35,0,0,0,0,
328,0,0,0,0,0,0,0,0,0,0,0,0,0,35,0,0,0,0,
329,0,0,0,0,0,0,0,0,0,0,0,0,0,35,0,0,0,0,
330,0,0,0,0,0,0,0,0,0,0,0,0,0,35,0,0,0,0,
331,0,0,0,0,0,0,0,0,0,0,0,0,0,35,0,0,0,0,
332,0,0,0,0,0,0,0,0,0,0,0,0,0,35,0,0,0,0,
333,0,0,0,0,0,0,0,0,0,0,0,0,0,35,0,0,0,0,
334,0,0,0,0,0,0,0,0,0,0,0,0,0,35,0,0,0,0,
335,0,0,0,0,0,0,0,0,0,0,0,0,0,35,0,0,0,0,
336,0,0,0,0,0,0,0,0,0,0,0,0,0,35,0,0,0,0,
337,0,0,0,0,0,0,0,0,0,0,0,0,0,35,0,0,0,0,
338,0,0,0,0,0,0,0,0,0,0,0,0,0,35,0,0,0,0,
339,0,0,0,0,0,0,0,0,0,0,0,0,0,35,0,0,0,0,
340,0,0,0,0,0,0,0,0,0,0,0,0,0,35,0,0,0,0,
341,0,0,0,0,0,0,0,0,0,0,0,0,0,35,0,0,0,0,
342,0,0,0,0,0,0,0,0,0,0,0,0,0,35,0,0,0,0,
343,0,0,0,0,0,0,0,0,0,0,0,0,0,35,0,0,0,0,
344,0,0,0,0,0,0,0,0,0,0,0,0,0,35,0,0,0,0,
345,0,0,0,0,0,0,0,0,0,0,0,0,0,35,0,0,0,0,
346,0,0,0,0,0,0,0,0,0,0,0,0,0,35,0,0,0,0,
347,0,0,0,0,0,0,0,0,0,0,0,0,0,35,0,0,0,0,
348,0,0,0,0,0,0,0,0,0,0,0,0,0,35,0,0,0,0,
349,0,0,0,0,0,0,0,0,0,0,0,0,0,35,0,0,0,0,
350,0,0,0,0,0,0,0,0,0,0,0,0,0,35,0,0,0,0,
351,0,0,0,0,0,0,0,0,0,0,0,0,0,35,0,0,0,0,
352,0,0,0,0,0,0,0,0,0,0,0,0,0,35,0,0,0,0,
353,0,0,0,0,0,0,0,0,0,0,0,0,0,35,0,0,0,0,
354,0,0,0,0,0,0,0,0,0,0,0,0,0,35,0,0,0,0,
355,0,0,0,0,0,0,0,0,0,0,0,0,0,35,0,0,0,0,
356,0,0,0,0,0,0,0,0,0,0,0,0,0,35,0,0,0,0,
357,0,0,0,0,0,0,0,0,0,0,0,0,0,35,0,0,0,0,
358,0,0,0,0,0,0,0,0,0,0,0,0,0,35,0,0,0,0,
359,0,0,0,0,0,0,0,0,0,0,0,0,0,35,0,0,0,0,
360,0,0,0,0,0,0,0,0,0,0,0,0,0,35,0,0,0,0,
361,0,0,0,0,0,0,0,0,0,0,0,0,0,35,0,0,0,0,
362,0,0,0,0,0,0,0,0,0,0,0,0,0,35,0,0,0,0,
363,0,0,0,0,0,0,0,0,0,0,0,0,0,35,0,0,0,0,
364,0,0,0,0,0,0,0,0,0,0,0,0,0,35,0,0,0,0,
365,0,0,0,0,0,0,0,0,0,0,0,0,0,35,0,0,0,0,
366,0,0,0,0,0,0,0,0,0,0,0,0,0,35,0,0,0,0,
367,0,0,0,0,0,0,0,0,0,0,0,0,0,35,0,0,0,0,
368,0,0,0,0,0,0,0,0,0,0,0,0,0,35,0,0,0,0,
369,0,0,0,0,0,0,0,0,0,0,0,0,0,35,0,0,0,0,
370,0,0,0,0,0,0,0,0,0,0,0,0,0,35,0,0,0,0,
371,0,0,0,0,0,0,0,0,0,0,0,0,0,35,0,0,0,0,
372,0,0,0,0,0,0,0,0,0,0,0,0,0,35,0,0,0,0,
373,0,0,0,0,0,0,0,0,0,0,0,0,0,35,0,0,0,0,
374,0,0,0,0,0,0,0,0,0,0,0,0,0,35,0,0,0,0,
375,0,0,0,0,0,0,0,0,0,0,0,0,0,35,0,0,0,0,
376,0,0,0,0,0,0,0,0,0,0,0,0,0,35,0,0,0,0,
377,0,0,0,0,0,0,0,0,0,0,0,0,0,35,0,0,0,0,
378,0,0,0,0,0,0,0,0,0,0,0,0,0,35,0,0,0,0,
379,0,0,0,0,0,0,0,0,0,0,0,0,0,35,0,0,0,0,
380,0,0,0,0,0,0,0,0,0,0,0,0,0,35,0,0,0,0,
381,0,0,0,0,0,0,0,0,0,0,0,0,0,35,0,0,0,0,
382,0,0,0,0,0,0,0,0,0,0,0,0,0,35,0,0,0,0,
383,0,0,0,0,0,0,0,0,0,0,0,0,0,35,0,0,0,0,
384,0,0,0,0,0,0,0,0,0,0,0,0,0,35,0,0,0,0,
385,0,0,0,0,0,0,0,0,0,0,0,0,0,35,0,0,0,0,
386,0,0,0,0,0,0,0,0,0,0,0,0,0,35,0,0,0,0,
387,0,0,0,0,0,0,0,0,0,0,0,0,0,35,0,0,0,0,
388,0,0,0,0,0,0,0,0,0,0,0,0,0,35,0,0,0,0,
389,0,0,0,0,0,0,0,0,0,0,0,0,0,35,0,0,0,0,
390,0,0,0,0,0,0,0,0,0,0,0,0,0,35,0,0,0,0,
391,0,0,0,0,0,0,0,0,0,0,0,0,0,35,0,0,0,0,
392,0,0,0,0,0,0,0,0,0,0,0,0,0,35,0,0,0,0,
393,0,0,0,0,0,0,0,0,0,0,0,0,0,35,0,0,0,0,
394,0,0,0,0,0,0,0,0,0,0,0,0,0,35,0,0,0,0,
395,0,0,0,0,0,0,0,0,0,0,0,0,0,35,0,0,0,0,
396,0,0,0,0,0,0,0,0,0,0,0,0,0,35,0,0,0,0,
397,0,0,0,0,0,0,0,0,0,0,0,0,0,35,0,0,0,0,
398,0,0,0,0,0,0,0,0,0,0,0,0,0,35,0,0,0,0,
399,0,0,0,0,0,0,0,0,0,0,0,0,0,35,0,0,0,0,
400,0,0,0,0,0,0,0,0,0,0,0,0,0,35,0,0,0,0,
401,0,0,0,0,0,0,0,0,0,0,0,0,0,35,0,0,0,0,
402,0,0,0,0,0,0,0,0,0,0,0,0,0,35,0,0,0,0,
403,0,0,0,0,0,0,0,0,0,0,0,0,0,35,0,0,0,0,
404,0,0,0,0,0,0,0,0,0,0,0,0,0,35,0,0,0,0,
405,0,0,0,0,0,0,0,0,0,0,0,0,0,35,0,0,0,0,
406,0,0,0,0,0,0,0,0,0,0,0,0,0,35,0,0,0,0,
407,0,0,0,0,0,0,0,0,0,0,0,0,0,35,0,0,0,0,
408,0,0,0,0,0,0,0,0,0,0,0,0,0,35,0,0,0,0,
409,0,0,0,0,0,0,0,0,0,0,0,0,0,35,0,0,0,0,
410,0,0,0,0,0,0,0,0,0,0,0,0,0,35,0,0,0,0,
411,0,0,0,0,0,0,0,0,0,0,0,0,0,35,0,0,0,0,
412,0,0,0,0,0,0,0,0,0,0,0,0,0,35,0,0,0,0,
413,0,0,0,0,0,0,0,0,0,0,0,0,0,35,0,0,0,0,
414,0,0,0,0,0,0,0,0,0,0,0,0,0,35,0,0,0,0,
415,0,0,0,0,0,0,0,0,0,0,0,0,0,35,0,0,0,0,
416,0,0,0,0,0,0,0,0,0,0,0,0,0,35,0,0,0,0,
417,0,0,0,0,0,0,0,0,0,0,0,0,0,35,0,0,0,0,
418,0,0,0,0,0,0,0,0,0,0,0,0,0,35,0,0,0,0,
419,0,0,0,0,0,0,0,0,0,0,0,0,0,35,0,0,0,0,
420,0,0,0,0,0,0,0,0,0,0,0,0,0,35,0,0,0,0,
421,0,0,0,0,0,0,0,0,0,0,0,0,0,35,0,0,0,0,
422,0,0,0,0,0,0,0,0,0,0,0,0,0,35,0,0,0,0,
423,0,0,0,0,0,0,0,0,0,0,0,0,0,35,0,0,0,0,
424,0,0,0,0,0,0,0,0,0,0,0,0,0,35,0,0,0,0,
425,0,0,0,0,0,0,0,0,0,0,0,0,0,35,0,0,0,0,
426,0,0,0,0,0,0,0,0,0,0,0,0,0,35,0,0,0,0,
427,0,0,0,0,0,0,0,0,0,0,0,0,0,35,0,0,0,0,
428,0,0,0,0,0,0,0,0,0,0,0,0,0,35,0,0,0,0,
429,0,0,0,0,0,0,0,0,0,0,0,0,0,35,0,0,0,0,
430,0,0,0,0,0,0,0,0,0,0,0,0,0,35,0,0,0,0,
431,0,0,0,0,0,0,0,0,0,0,0,0,0,35,0,0,0,0,
432,0,0,0,0,0,0,0,0,0,0,0,0,0,35,0,0,0,0,
433,0,0,0,0,0,0,0,0,0,0,0,0,0,35,0,0,0,0,
434,0,0,0,0,0,0,0,0,0,0,0,0,0,35,0,0,0,0,
435,0,0,0,0,0,0,0,0,0,0,0,0,0,35,0,0,0,0,
436,0,0,0,0,0,0,0,0,0,0,0,0,0,35,0,0,0,0,
437,0,0,0,0,0,0,0,0,0,0,0,0,0,35,0,0,0,0,
438,0,0,0,0,0,0,0,0,0,0,0,0,0,35,0,0,0,0,
439,0,0,0,0,0,0,0,0,0,0,0,0,0,35,0,0,0,0,
440,0,0,0,0,0,0,0,0,0,0,0,0,0,35,0,0,0,0,
441,0,0,0,0,0,0,0,0,0,0,0,0,0,35,0,0,0,0,
442,0,0,0,0,0,0,0,0,0,0,0,0,0,35,0,0,0,0,
443,0,0,0,0,0,0,0,0,0,0,0,0,0,35,0,0,0,0,
444,0,0,0,0,0,0,0,0,0,0,0,0,0,35,0,0,0,0,
445,0,0,0,0,0,0,0,0,0,0,0,0,0,35,0,0,0,0,
446,0,0,0,0,0,0,0,0,0,0,0,0,0,35,0,0,0,0,
447,0,0,0,0,0,0,0,0,0,0,0,0,0,35,0,0,0,0,
448,0,0,0,0,0,0,0,0,0,0,0,0,0,35,0,0,0,0,
449,0,0,0,0,0,0,0,0,0,0,0,0,0,35,0,0,0,0,
450,0,0,0,0,0,0,0,0,0,0,0,0,0,35,0,0,0,0,
451,0,0,0,0,0,0,0,0,0,0,0,0,0,35,0,0,0,0,
452,0,0,0,0,0,0,0,0,0,0,0,0,0,35,0,0,0,0,
453,0,0,0,0,0,0,0,0,0,0,0,0,0,35,0,0,0,0,
454,0,0,0,0,0,0,0,0,0,0,0,0,0,35,0,0,0,0,
455,0,0,0,0,0,0,0,0,0,0,0,0,0,35,0,0,0,0,
456,0,0,0,0,0,0,0,0,0,0,0,0,0,35,0,0,0,0,
457,0,0,0,0,0,0,0,0,0,0,0,0,0,35,0,0,0,0,
458,0,0,0,0,0,0,0,0,0,0,0,0,0,35,0,0,0,0,
459,0,0,0,0,0,0,0,0,0,0,0,0,0,35,0,0,0,0,
460,0,0,0,0,0,0,0,0,0,0,0,0,0,35,0,0,0,0,
461,0,0,0,0,0,0,0,0,0,0,0,0,0,35,0,0,0,0,
462,0,0,0,0,0,0,0,0,0,0,0,0,0,35,0,0,0,0,
463,0,0,0,0,0,0,0,0,0,0,0,0,0,35,0,0,0,0,
464,0,0,0,0,0,0,0,0,0,0,0,0,0,35,0,0,0,0,
465,0,0,0,0,0,0,0,0,0,0,0,0,0,35,0,0,0,0,
466,0,0,0,0,0,0,0,0,0,0,0,0,0,35,0,0,0,0,
467,0,0,0,0,0,0,0,0,0,0,0,0,0,35,0,0,0,0,
468,0,0,0,0,0,0,0,0,0,0,0,0,0,35,0,0,0,0,
469,0,0,0,0,0,0,0,0,0,0,0,0,0,35,0,0,0,0,
470,0,0,0,0,0,0,0,0,0,0,0,0,0,35,0,0,0,0,
471,0,0,0,0,0,0,0,0,0,0,0,0,0,35,0,0,0,0,
472,0,0,0,0,0,0,0,0,0,0,0,0,0,35,0,0,0,0,
473,0,0,0,0,0,0,0,0,0,0,0,0,0,35,0,0,0,0,
474,0,0,0,0,0,0,0,0,0,0,0,0,0,35,0,0,0,0,
475,0,0,0,0,0,0,0,0,0,0,0,0,0,35,0,0,0,0,
476,0,0,0,0,0,0,0,0,0,0,0,0,0,35,0,0,0,0,
477,0,0,0,0,0,0,0,0,0,0,0,0,0,35,0,0,0,0,
478,0,0,0,0,0,0,0,0,0,0,0,0,0,35,0,0,0,0,
479,0,0,0,0,0,0,0,0,0,0,0,0,0,35,0,0,0,0,
480,0,0,0,0,0,0,0,0,0,0,0,0,0,35,0,0,0,0,
481,0,0,0,0,0,0,0,0,0,0,0,0,0,35,0,0,0,0,
482,0,0,0,0,0,0,0,0,0,0,0,0,0,35,0,0,0,0,
483,0,0,0,0,0,0,0,0,0,0,0,0,0,35,0,0,0,0,
484,0,0,0,0,0,0,0,0,0,0,0,0,0,35,0,0,0,0,
485,0,0,0,0,0,0,0,0,0,0,0,0,0,35,0,0,0,0,
486,0,0,0,0,0,0,0,0,0,0,0,0,0,35,0,0,0,0,
487,0,0,0,0,0,0,0,0,0,0,0,0,0,35,0,0,0,0,
488,0,0,0,0,0,0,0,0,0,0,0,0,0,35,0,0,0,0,
489,0,0,0,0,0,0,0,0,0,0,0,0,0,35,0,0,0,0,
490,0,0,0,0,0,0,0,0,0,0,0,0,0,35,0,0,0,0,
491,0,0,0,0,0,0,0,0,0,0,0,0,0,35,0,0,0,0,
492,0,0,0,0,0,0,0,0,0,0,0,0,0,35,0,0,0,0,
493,0,0,0,0,0,0,0,0,0,0,0,0,0,35,0,0,0,0,
494,0,0,0,0,0,0,0,0,0,0,0,0,0,35,0,0,0,0,
495,0,0,0,0,0,0,0,0,0,0,0,0,0,35,0,0,0,0,
496,0,0,0,0,0,0,0,0,0,0,0,0,0,35,0,0,0,0,
497,0,0,0,0,0,0,0,0,0,0,0,0,0,35,0,0,0,0,
498,0,0,0,0,0,0,0,0,0,0,0,0,0,35,0,0,0,0,
499,0,0,0,0,0,0,0,0,0,0,0,0,0,35,0,0,0,0,
500,0,0,0,0,0,0,0,0,0,0,0,0,0,35,0,0,0,0,
501,0,0,0,0,0,0,0,0,0,0,0,0,0,35,0,0,0,0,
502,0,0,0,0,0,0,0,0,0,0,0,0,0,35,0,0,0,0,
503,0,0,0,0,0,0,0,0,0,0,0,0,0,35,0,0,0,0,
504,0,0,0,0,0,0,0,0,0,0,0,0,0,35,0,0,0,0,
505,0,0,0,0,0,0,0,0,0,0,0,0,0,35,0,0,0,0,
506,0,0,0,0,0,0,0,0,0,0,0,0,0,35,0,0,0,0,
507,0,0,0,0,0,0,0,0,0,0,0,0,0,35,0,0,0,0,
508,0,0,0,0,0,0,0,0,0,0,0,0,0,35,0,0,0,0,
509,0,0,0,0,0,0,0,0,0,0,0,0,0,35,0,0,0,0,
510,0,0,0,0,0,0,0,0,0,0,0,0,0,35,0,0,0,0,
511,0,0,0,0,0,0,0,0,0,0,0,0,0,35,0,0,0,0,
512,0,0,0,0,0,0,0,0,0,0,0,0,0,35,0,0,0,0,
513,0,0,0,0,0,0,0,0,0,0,0,0,0,35,0,0,0,0,
514,0,0,0,0,0,0,0,0,0,0,0,0,0,35,0,0,0,0,
515,0,0,0,0,0,0,0,0,0,0,0,0,0,35,0,0,0,0,
516,0,0,0,0,0,0,0,0,0,0,0,0,0,35,0,0,0,0,
517,0,0,0,0,0,0,0,0,0,0,0,0,0,35,0,0,0,0,
518,0,0,0,0,0,0,0,0,0,0,0,0,0,35,0,0,0,0,
519,0,0,0,0,0,0,0,0,0,0,0,0,0,35,0,0,0,0,
520,0,0,0,0,0,0,0,0,0,0,0,0,0,35,0,0,0,0,
521,0,0,0,0,0,0,0,0,0,0,0,0,0,35,0,0,0,0,
522,0,0,0,0,0,0,0,0,0,0,0,0,0,35,0,0,0,0,
523,0,0,0,0,0,0,0,0,0,0,0,0,0,35,0,0,0,0,
524,0,0,0,0,0,0,0,0,0,0,0,0,0,35,0,0,0,0,
525,0,0,0,0,0,0,0,0,0,0,0,0,0,35,0,0,0,0,
526,0,0,0,0,0,0,0,0,0,0,0,0,0,35,0,0,0,0,
527,0,0,0,0,0,0,0,0,0,0,0,0,0,35,0,0,0,0,
528,0,0,0,0,0,0,0,0,0,0,0,0,0,35,0,0,0,0,
529,0,0,0,0,0,0,0,0,0,0,0,0,0,35,0,0,0,0,
530,0,0,0,0,0,0,0,0,0,0,0,0,0,35,0,0,0,0,
531,0,0,0,0,0,0,0,0,0,0,0,0,0,35,0,0,0,0,
532,0,0,0,0,0,0,0,0,0,0,0,0,0,35,0,0,0,0,
533,0,0,0,0,0,0,0,0,0,0,0,0,0,35,0,0,0,0,
534,0,0,0,0,0,0,0,0,0,0,0,0,0,35,0,0,0,0,
535,0,0,0,0,0,0,0,0,0,0,0,0,0,35,0,0,0,0,
536,0,0,0,0,0,0,0,0,0,0,0,0,0,35,0,0,0,0,
537,0,0,0,0,0,0,0,0,0,0,0,0,0,35,0,0,0,0,
538,0,0,0,0,0,0,0,0,0,0,0,0,0,35,0,0,0,0,
539,0,0,0,0,0,0,0,0,0,0,0,0,0,35,0,0,0,0,
540,0,0,0,0,0,0,0,0,0,0,0,0,0,35,0,0,0,0,
541,0,0,0,0,0,0,0,0,0,0,0,0,0,35,0,0,0,0,
542,0,0,0,0,0,0,0,0,0,0,0,0,0,35,0,0,0,0,
543,0,0,0,0,0,0,0,0,0,0,0,0,0,35,0,0,0,0,
544,0,0,0,0,0,0,0,0,0,0,0,0,0,35,0,0,0,0,
545,0,0,0,0,0,0,0,0,0,0,0,0,0,35,0,0,0,0,
546,0,0,0,0,0,0,0,0,0,0,0,0,0,35,0,0,0,0,
547,0,0,0,0,0,0,0,0,0,0,0,0,0,35,0,0,0,0,
548,0,0,0,0,0,0,0,0,0,0,0,0,0,35,0,0,0,0,
549,0,0,0,0,0,0,0,0,0,0,0,0,0,35,0,0,0,0,
550,0,0,0,0,0,0,0,0,0,0,0,0,0,35,0,0,0,0,
551,0,0,0,0,0,0,0,0,0,0,0,0,0,35,0,0,0,0,
552,0,0,0,0,0,0,0,0,0,0,0,0,0,35,0,0,0,0,
553,0,0,0,0,0,0,0,0,0,0,0,0,0,35,0,0,0,0,
554,0,0,0,0,0,0,0,0,0,0,0,0,0,35,0,0,0,0,
555,0,0,0,0,0,0,0,0,0,0,0,0,0,35,0,0,0,0,
556,0,0,0,0,0,0,0,0,0,0,0,0,0,35,0,0,0,0,
557,0,0,0,0,0,0,0,0,0,0,0,0,0,35,0,0,0,0,
558,0,0,0,0,0,0,0,0,0,0,0,0,0,35,0,0,0,0,
559,0,0,0,0,0,0,0,0,0,0,0,0,0,35,0,0,0,0,
560,0,0,0,0,0,0,0,0,0,0,0,0,0,35,0,0,0,0,
561,0,0,0,0,0,0,0,0,0,0,0,0,0,35,0,0,0,0,
562,0,0,0,0,0,0,0,0,0,0,0,0,0,35,0,0,0,0,
563,0,0,0,0,0,0,0,0,0,0,0,0,0,35,0,0,0,0,
564,0,0,0,0,0,0,0,0,0,0,0,0,0,35,0,0,0,0,
565,0,0,0,0,0,0,0,0,0,0,0,0,0,35,0,0,0,0,
566,0,0,0,0,0,0,0,0,0,0,0,0,0,35,0,0,0,0,
567,0,0,0,0,0,0,0,0,0,0,0,0,0,35,0,0,0,0,
568,0,0,0,0,0,0,0,0,0,0,0,0,0,35,0,0,0,0,
569,0,0,0,0,0,0,0,0,0,0,0,0,0,35,0,0,0,0,
570,0,0,0,0,0,0,0,0,0,0,0,0,0,35,0,0,0,0,
571,0,0,0,0,0,0,0,0,0,0,0,0,0,35,0,0,0,0,
572,0,0,0,0,0,0,0,0,0,0,0,0,0,35,0,0,0,0,
573,0,0,0,0,0,0,0,0,0,0,0,0,0,35,0,0,0,0,
574,0,0,0,0,0,0,0,0,0,0,0,0,0,35,0,0,0,0,
575,0,0,0,0,0,0,0,0,0,0,0,0,0,35,0,0,0,0,
576,0,0,0,0,0,0,0,0,0,0,0,0,0,35,0,0,0,0,
577,0,0,0,0,0,0,0,0,0,0,0,0,0,35,0,0,0,0,
578,0,0,0,0,0,0,0,0,0,0,0,0,0,35,0,0,0,0,
579,0,0,0,0,0,0,0,0,0,0,0,0,0,35,0,0,0,0,
580,0,0,0,0,0,0,0,0,0,0,0,0,0,35,0,0,0,0,
581,0,0,0,0,0,0,0,0,0,0,0,0,0,35,0,0,0,0,
582,0,0,0,0,0,0,0,0,0,0,0,0,0,35,0,0,0,0,
583,0,0,0,0,0,0,0,0,0,0,0,0,0,35,0,0,0,0,
584,0,0,0,0,0,0,0,0,0,0,0,0,0,35,0,0,0,0,
585,0,0,0,0,0,0,0,0,0,0,0,0,0,35,0,0,0,0,
586,0,0,0,0,0,0,0,0,0,0,0,0,0,35,0,0,0,0,
587,0,0,0,0,0,0,0,0,0,0,0,0,0,35,0,0,0,0,
588,0,0,0,0,0,0,0,0,0,0,0,0,0,35,0,0,0,0,
589,0,0,0,0,0,0,0,0,0,0,0,0,0,35,0,0,0,0,
590,0,0,0,0,0,0,0,0,0,0,0,0,0,35,0,0,0,0,
591,0,0,0,0,0,0,0,0,0,0,0,0,0,35,0,0,0,0,
592,0,0,0,0,0,0,0,0,0,0,0,0,0,35,0,0,0,0,
593,0,0,0,0,0,0,0,0,0,0,0,0,0,35,0,0,0,0,
594,0,0,0,0,0,0,0,0,0,0,0,0,0,35,0,0,0,0,
595,0,0,0,0,0,0,0,0,0,0,0,0,0,35,0,0,0,0,
596,0,0,0,0,0,0,0,0,0,0,0,0,0,35,0,0,0,0,
597,0,0,0,0,0,0,0,0,0,0,0,0,0,35,0,0,0,0,
598,0,0,0,0,0,0,0,0,0,0,0,0,0,35,0,0,0,0,
599,0,0,0,0,0,0,0,0,0,0,0,0,0,35,0,0,0,0,
600,0,0,0,0,0,0,0,0,0,0,0,0,0,35,0,0,0,0,
601,0,0,0,0,0,0,0,0,0,0,0,0,0,35,0,0,0,0,
602,0,0,0,0,0,0,0,0,0,0,0,0,0,35,0,0,0,0,
603,0,0,0,0,0,0,0,0,0,0,0,0,0,35,0,0,0,0,
604,0,0,0,0,0,0,0,0,0,0,0,0,0,35,0,0,0,0,
605,0,0,0,0,0,0,0,0,0,0,0,0,0,35,0,0,0,0,
606,0,0,0,0,0,0,0,0,0,0,0,0,0,35,0,0,0,0,
607,0,0,0,0,0,0,0,0,0,0,0,0,0,35,0,0,0,0,
608,0,0,0,0,0,0,0,0,0,0,0,0,0,35,0,0,0,0,
609,0,0,0,0,0,0,0,0,0,0,0,0,0,35,0,0,0,0,
610,0,0,0,0,0,0,0,0,0,0,0,0,0,35,0,0,0,0,
611,0,0,0,0,0,0,0,0,0,0,0,0,0,35,0,0,0,0,
612,0,0,0,0,0,0,0,0,0,0,0,0,0,35,0,0,0,0,
613,0,0,0,0,0,0,0,0,0,0,0,0,0,35,0,0,0,0,
614,0,0,0,0,0,0,0,0,0,0,0,0,0,35,0,0,0,0,
615,0,0,0,0,0,0,0,0,0,0,0,0,0,35,0,0,0,0,
616,0,0,0,0,0,0,0,0,0,0,0,0,0,35,0,0,0,0,
617,0,0,0,0,0,0,0,0,0,0,0,0,0,35,0,0,0,0,
618,0,0,0,0,0,0,0,0,0,0,0,0,0,35,0,0,0,0,
619,0,0,0,0,0,0,0,0,0,0,0,0,0,35,0,0,0,0,
620,0,0,0,0,0,0,0,0,0,0,0,0,0,35,0,0,0,0,
621,0,0,0,0,0,0,0,0,0,0,0,0,0,35,0,0,0,0,
622,0,0,0,0,0,0,0,0,0,0,0,0,0,35,0,0,0,0,
623,0,0,0,0,0,0,0,0,0,0,0,0,0,35,0,0,0,0,
624,0,0,0,0,0,0,0,0,0,0,0,0,0,35,0,0,0,0,
625,0,0,0,0,0,0,0,0,0,0,0,0,0,35,0,0,0,0,
626,0,0,0,0,0,0,0,0,0,0,0,0,0,35,0,0,0,0,
627,0,0,0,0,0,0,0,0,0,0,0,0,0,35,0,0,0,0,
628,0,0,0,0,0,0,0,0,0,0,0,0,0,35,0,0,0,0,
629,0,0,0,0,0,0,0,0,0,0,0,0,0,35,0,0,0,0,
630,0,0,0,0,0,0,0,0,0,0,0,0,0,35,0,0,0,0,
631,0,0,0,0,0,0,0,0,0,0,0,0,0,35,0,0,0,0,
632,0,0,0,0,0,0,0,0,0,0,0,0,0,35,0,0,0,0,
633,0,0,0,0,0,0,0,0,0,0,0,0,0,35,0,0,0,0,
634,0,0,0,0,0,0,0,0,0,0,0,0,0,35,0,0,0,0,
635,0,0,0,0,0,0,0,0,0,0,0,0,0,35,0,0,0,0,
636,0,0,0,0,0,0,0,0,0,0,0,0,0,35,0,0,0,0,
637,0,0,0,0,0,0,0,0,0,0,0,0,0,35,0,0,0,0,
638,0,0,0,0,0,0,0,0,0,0,0,0,0,35,0,0,0,0,
639,0,0,0,0,0,0,0,0,0,0,0,0,0,35,0,0,0,0,
640,0,0,0,0,0,0,0,0,0,0,0,0,0,35,0,0,0,0,
641,0,0,0,0,0,0,0,0,0,0,0,0,0,35,0,0,0,0,
642,0,0,0,0,0,0,0,0,0,0,0,0,0,35,0,0,0,0,
643,0,0,0,0,0,0,0,0,0,0,0,0,0,35,0,0,0,0,
644,0,0,0,0,0,0,0,0,0,0,0,0,0,35,0,0,0,0,
645,0,0,0,0,0,0,0,0,0,0,0,0,0,35,0,0,0,0,
646,0,0,0,0,0,0,0,0,0,0,0,0,0,35,0,0,0,0,
647,0,0,0,0,0,0,0,0,0,0,0,0,0,35,0,0,0,0,
648,0,0,0,0,0,0,0,0,0,0,0,0,0,35,0,0,0,0,
649,0,0,0,0,0,0,0,0,0,0,0,0,0,35,0,0,0,0,
650,0,0,0,0,0,0,0,0,0,0,0,0,0,35,0,0,0,0,
651,0,0,0,0,0,0,0,0,0,0,0,0,0,35,0,0,0,0,
652,0,0,0,0,0,0,0,0,0,0,0,0,0,35,0,0,0,0,
653,0,0,0,0,0,0,0,0,0,0,0,0,0,35,0,0,0,0,
654,0,0,0,0,0,0,0,0,0,0,0,0,0,35,0,0,0,0,
655,0,0,0,0,0,0,0,0,0,0,0,0,0,35,0,0,0,0,
656,0,0,0,0,0,0,0,0,0,0,0,0,0,35,0,0,0,0,
657,0,0,0,0,0,0,0,0,0,0,0,0,0,35,0,0,0,0,
658,0,0,0,0,0,0,0,0,0,0,0,0,0,35,0,0,0,0,
659,0,0,0,0,0,0,0,0,0,0,0,0,0,35,0,0,0,0,
660,0,0,0,0,0,0,0,0,0,0,0,0,0,35,0,0,0,0,
661,0,0,0,0,0,0,0,0,0,0,0,0,0,35,0,0,0,0,
662,0,0,0,0,0,0,0,0,0,0,0,0,0,35,0,0,0,0,
663,0,0,0,0,0,0,0,0,0,0,0,0,0,35,0,0,0,0,
664,0,0,0,0,0,0,0,0,0,0,0,0,0,35,0,0,0,0,
665,0,0,0,0,0,0,0,0,0,0,0,0,0,35,0,0,0,0,
666,0,0,0,0,0,0,0,0,0,0,0,0,0,35,0,0,0,0,
667,0,0,0,0,0,0,0,0,0,0,0,0,0,35,0,0,0,0,
668,0,0,0,0,0,0,0,0,0,0,0,0,0,35,0,0,0,0,
669,0,0,0,0,0,0,0,0,0,0,0,0,0,35,0,0,0,0,
670,0,0,0,0,0,0,0,0,0,0,0,0,0,35,0,0,0,0,
671,0,0,0,0,0,0,0,0,0,0,0,0,0,35,0,0,0,0,
672,0,0,0,0,0,0,0,0,0,0,0,0,0,35,0,0,0,0,
673,0,0,0,0,0,0,0,0,0,0,0,0,0,35,0,0,0,0,
674,0,0,0,0,0,0,0,0,0,0,0,0,0,35,0,0,0,0,
675,0,0,0,0,0,0,0,0,0,0,0,0,0,35,0,0,0,0,
676,0,0,0,0,0,0,0,0,0,0,0,0,0,35,0,0,0,0,
677,0,0,0,0,0,0,0,0,0,0,0,0,0,35,0,0,0,0,
678,0,0,0,0,0,0,0,0,0,0,0,0,0,35,0,0,0,0,
679,0,0,0,0,0,0,0,0,0,0,0,0,0,35,0,0,0,0,
680,0,0,0,0,0,0,0,0,0,0,0,0,0,35,0,0,0,0,
681,0,0,0,0,0,0,0,0,0,0,0,0,0,35,0,0,0,0,
682,0,0,0,0,0,0,0,0,0,0,0,0,0,35,0,0,0,0,
683,0,0,0,0,0,0,0,0,0,0,0,0,0,35,0,0,0,0,
684,0,0,0,0,0,0,0,0,0,0,0,0,0,35,0,0,0,0,
685,0,0,0,0,0,0,0,0,0,0,0,0,0,35,0,0,0,0,
686,0,0,0,0,0,0,0,0,0,0,0,0,0,35,0,0,0,0,
687,0,0,0,0,0,0,0,0,0,0,0,0,0,35,0,0,0,0,
688,0,0,0,0,0,0,0,0,0,0,0,0,0,35,0,0,0,0,
689,0,0,0,0,0,0,0,0,0,0,0,0,0,35,0,0,0,0,
690,0,0,0,0,0,0,0,0,0,0,0,0,0,35,0,0,0,0,
691,0,0,0,0,0,0,0,0,0,0,0,0,0,35,0,0,0,0,
692,0,0,0,0,0,0,0,0,0,0,0,0,0,35,0,0,0,0,
693,0,0,0,0,0,0,0,0,0,0,0,0,0,35,0,0,0,0,
694,0,0,0,0,0,0,0,0,0,0,0,0,0,35,0,0,0,0,
695,0,0,0,0,0,0,0,0,0,0,0,0,0,35,0,0,0,0,
696,0,0,0,0,0,0,0,0,0,0,0,0,0,35,0,0,0,0,
697,0,0,0,0,0,0,0,0,0,0,0,0,0,35,0,0,0,0,
698,0,0,0,0,0,0,0,0,0,0,0,0,0,35,0,0,0,0,
699,0,0,0,0,0,0,0,0,0,0,0,0,0,35,0,0,0,0,
700,0,0,0,0,0,0,0,0,0,0,0,0,0,35,0,0,0,0,
701,0,0,0,0,0,0,0,0,0,0,0,0,0,35,0,0,0,0,
702,0,0,0,0,0,0,0,0,0,0,0,0,0,35,0,0,0,0,
703,0,0,0,0,0,0,0,0,0,0,0,0,0,35,0,0,0,0,
704,0,0,0,0,0,0,0,0,0,0,0,0,0,35,0,0,0,0,
705,0,0,0,0,0,0,0,0,0,0,0,0,0,35,0,0,0,0,
706,0,0,0,0,0,0,0,0,0,0,0,0,0,35,0,0,0,0,
707,0,0,0,0,0,0,0,0,0,0,0,0,0,35,0,0,0,0,
708,0,0,0,0,0,0,0,0,0,0,0,0,0,35,0,0,0,0,
709,0,0,0,0,0,0,0,0,0,0,0,0,0,35,0,0,0,0,
710,0,0,0,0,0,0,0,0,0,0,0,0,0,35,0,0,0,0,
711,0,0,0,0,0,0,0,0,0,0,0,0,0,35,0,0,0,0,
712,0,0,0,0,0,0,0,0,0,0,0,0,0,35,0,0,0,0,
713,0,0,0,0,0,0,0,0,0,0,0,0,0,35,0,0,0,0,
714,0,0,0,0,0,0,0,0,0,0,0,0,0,35,0,0,0,0,
715,0,0,0,0,0,0,0,0,0,0,0,0,0,35,0,0,0,0,
716,0,0,0,0,0,0,0,0,0,0,0,0,0,35,0,0,0,0,
717,0,0,0,0,0,0,0,0,0,0,0,0,0,35,0,0,0,0,
718,0,0,0,0,0,0,0,0,0,0,0,0,0,35,0,0,0,0,
719,0,0,0,0,0,0,0,0,0,0,0,0,0,35,0,0,0,0,
720,0,0,0,0,0,0,0,0,0,0,0,0,0,35,0,0,0,0,
