t,S,L,I,R,D,incI,incR,incFC,incFI,incC,incDC,incD,incDD,incSDB,incTC,incETU,incH,incCT,incCC,cumT,cumTP,cumV,capV,cumVG,capVG,nBeds,Extinct,Detected,rmsRad,maxRad
0,797986.000000,1,0,0,0,1,0,0,0,0,0,0,0,0,0,0,0,0,0,0,0,0,0,0,0,0,0,0,0,0
1,797986.000000,1,0,0,0,0,0,0,0,0,0,0,0,0,0,0,0,0,0,0,0,0,0,0,0,0,0,0,0,0
2,797986.000000,1,0,0,0,0,0,0,0,0,0,0,0,0,0,0,0,0,0,0,0,0,0,0,0,0,0,0,0,0
3,797986.000000,1,0,0,0,0,0,0,0,0,0,0,0,0,0,0,0,0,0,0,0,0,0,0,0,0,0,0,0,0
4,797986.000000,1,0,0,0,0,0,0,0,0,0,0,0,0,0,0,0,0,0,0,0,0,0,0,0,0,0,0,0,0
5,797986.000000,1,0,0,0,0,0,0,0,0,0,0,0,0,0,0,0,0,0,0,0,0,0,0,0,0,0,0,0,0
6,797986.000000,1,0,0,0,0,0,0,0,0,0,0,0,0,0,0,0,0,0,0,0,0,0,0,0,0,0,0,0,0
7,797986.000000,0,1,0,0,0,0,0,0,0,0,0,0,0,0,0,0,0,0,0,0,0,0,0,0,0,0,0,0,0
8,797986.000000,0,1,0,0,0,0,0,0,1,0,0,0,0,0,0,0,0,0,0,0,0,0,0,0,0,0,0,0,0
9,797984.000000,2,1,0,0,2,0,0,0,0,0,0,0,0,0,0,0,0,0,0,0,0,0,0,0,0,0,0,0.0119846,0.020758
10,797984.000000,2,1,0,0,0,0,0,0,0,0,0,0,0,0,0,0,0,0,0,0,0,0,0,0,0,0,0,0.0119846,0.020758
11,797982.000000,4,1,0,0,2,0,0,0,0,0,0,0,0,0,0,0,0,0,0,0,0,0,0,0,0,0,0,0.012838,0.020758
12,797980.000000,6,1,0,0,2,0,0,0,0,0,0,0,0,0,0,1,0,0,0,0,0,0,0,0,0,0,0,0.014359,0.0225556
13,797978.000000,7,2,0,0,2,0,0,0,1,0,0,0,0,0,0,0,0,0,0,0,0,0,0,0,0,0,0,0.0579779,0.169408
14,797978.000000,7,2,0,0,0,0,0,0,0,1,0,0,0,0,0,0,0,0,0,0,0,0,0,0,0,0,0,0.0579779,0.169408
15,797976.000000,8,3,0,0,2,0,0,0,1,0,0,0,0,0,0,0,0,0,0,0,0,0,0,0,0,0,0,0.0525386,0.169408
16,797975.000000,8,4,0,0,1,0,0,0,0,0,0,0,0,0,0,0,0,0,0,0,0,0,0,0,0,0,0,0.115295,0.359377
17,797974.000000,9,4,0,0,1,0,0,0,1,0,0,0,0,0,0,0,0,0,0,0,0,0,0,0,0,0,0,0.146863,0.359377
18,797971.000000,12,4,0,0,3,0,0,0,0,0,0,0,0,0,0,1,0,0,0,0,0,0,0,0,0,0,0,0.18704,0.396777
19,797970.000000,13,4,0,0,1,0,0,0,0,1,0,0,0,0,0,0,0,0,0,0,0,0,0,0,0,0,0,0.186677,0.396777
20,797968.000000,14,5,0,0,2,0,0,0,1,0,0,0,0,0,0,0,0,0,0,0,0,0,0,0,0,0,0,0.193196,0.396777
21,797967.000000,15,5,0,0,1,0,0,0,0,0,0,0,0,0,0,1,0,0,0,0,0,0,0,0,0,0,0,0.188356,0.396777
22,797967.000000,15,5,0,0,0,0,0,0,0,0,0,0,0,0,0,0,0,0,0,0,0,0,0,0,0,0,0,0.188356,0.396777
23,797967.000000,13,7,0,0,0,0,0,0,1,1,1,0,0,0,0,0,0,0,0,0,0,0,0,0,0,0,0,0.188356,0.396777
24,797966.000000,13,7,0,1,1,0,0,0,1,0,1,0,0,0,0,0,0,0,0,0,0,0,0,0,0,0,0,0.207078,0.436969
25,797963.000000,15,8,0,1,3,0,0,0,1,0,0,0,0,0,0,1,0,0,0,0,0,0,0,0,0,0,0,0.22946,0.511516
26,797963.000000,12,11,0,1,0,0,0,0,3,1,1,0,0,0,0,0,0,0,0,0,0,0,0,0,0,0,0,0.22946,0.511516
27,797961.000000,13,11,0,2,2,0,0,1,0,0,3,1,0,0,0,0,0,0,0,0,0,0,0,0,0,0,0,0.231098,0.511516
28,797960.000000,14,9,0,4,1,0,0,1,0,0,2,0,0,0,0,0,0,0,0,0,0,0,0,0,0,0,0,0.236609,0.511516
29,797959.000000,12,12,0,4,1,0,0,0,1,0,0,0,0,0,0,1,0,0,0,0,0,0,0,0,0,0,0,0.232356,0.511516
30,797957.000000,14,12,0,4,2,0,0,0,2,1,0,0,0,0,0,0,0,0,0,0,0,0,0,0,0,0,0,0.233639,0.511516
31,797954.000000,15,13,1,4,3,1,0,0,2,0,0,0,0,0,0,3,0,0,0,0,0,0,0,0,0,0,0,0.238497,0.511516
32,797949.000000,20,13,1,4,5,0,0,0,0,3,0,0,0,0,0,0,0,0,0,0,0,0,0,0,0,0,0,0.250437,0.511516
33,797947.000000,21,14,1,4,2,0,0,0,1,0,0,0,0,0,0,0,0,0,0,0,0,0,0,0,0,0,0,0.244855,0.511516
34,797946.000000,20,15,2,4,1,1,0,0,2,1,1,1,0,0,0,1,0,0,0,0,0,0,0,0,0,0,0,0.241858,0.511516
35,797943.000000,20,17,2,5,3,0,0,0,3,0,1,0,0,0,0,0,0,0,0,0,0,0,0,0,0,0,0,0.250449,0.511516
36,797942.000000,19,19,2,5,1,0,0,0,1,1,0,0,0,0,0,1,0,0,0,0,0,0,0,0,0,0,0,0.257151,0.511516
37,797937.000000,22,20,3,5,5,1,0,0,2,1,1,1,0,0,0,0,0,0,0,0,0,0,0,0,0,0,1,0.273536,0.511516
38,797936.000000,20,21,4,6,1,1,0,0,4,0,1,0,0,0,0,0,0,0,0,0,0,0,0,0,0,0,1,0.275219,0.511516
39,797935.000000,20,22,4,6,1,0,0,0,1,0,0,0,0,0,0,0,0,0,0,0,0,0,0,0,0,0,1,0.272588,0.511516
40,797935.000000,20,22,4,6,0,0,0,0,0,0,1,1,0,0,0,1,0,0,0,0,0,0,0,0,0,0,1,0.272588,0.511516
41,797931.000000,24,20,5,7,4,1,0,0,0,1,1,0,0,0,0,0,35,0,0,0,0,0,0,0,0,0,1,0.274912,0.511516
42,797931.000000,23,21,5,7,0,0,0,0,1,0,1,0,0,0,0,2,0,0,0,0,0,0,0,0,0,0,1,0.274912,0.511516
43,797929.000000,24,21,5,8,2,0,0,0,1,1,2,0,0,0,0,0,32,0,0,0,0,0,0,0,0,0,1,0.278411,0.511516
44,797928.000000,23,21,6,9,1,1,0,0,1,4,2,0,0,0,0,1,72,0,0,0,0,1000,0,2000,0,0,1,0.279759,0.511516
45,797926.000000,22,23,6,10,2,0,0,2,3,2,1,0,0,0,0,0,26,1,0,0,0,1000,0,2000,0,0,1,0.282315,0.511516
46,797925.000000,20,26,6,10,1,0,0,0,3,1,2,0,0,0,0,1,6,1,0,0,0,2000,0,4000,0,0,1,0.28355,0.511516
47,797924.000000,20,25,6,12,1,0,0,0,2,0,3,0,0,0,1,0,0,0,0,0,0,2000,0,4000,24,0,1,0.284724,0.511516
48,797924.000000,17,26,7,13,0,1,0,0,2,1,1,0,0,0,1,0,46,0,0,0,0,2000,0,4000,24,0,1,0.284724,0.511516
49,797921.000000,19,26,8,13,3,1,0,0,2,1,1,1,0,0,1,0,25,0,0,0,0,2000,0,4000,24,0,1,0.292337,0.511516
50,797920.000000,19,26,8,14,1,0,0,0,0,1,1,0,0,0,2,0,26,0,0,0,0,2000,0,4000,24,0,1,0.293372,0.511516
51,797919.000000,19,27,8,14,1,0,0,0,2,2,2,2,2,0,3,0,12,1,0,0,0,2000,0,4000,24,0,1,0.294373,0.511516
52,797917.000000,13,32,9,16,2,1,0,0,5,5,2,0,0,0,1,0,97,3,0,0,0,2000,0,4000,24,0,1,0.296132,0.511516
53,797913.000000,15,33,10,16,4,1,0,0,4,3,0,0,0,0,4,0,49,1,0,0,0,2000,0,4000,24,0,1,0.299285,0.511516
54,797912.000000,16,33,10,16,1,0,0,0,1,0,0,0,0,0,1,0,0,0,0,0,0,2000,0,4000,24,0,1,0.300022,0.511516
55,797910.000000,15,35,11,16,2,1,0,0,3,2,3,2,2,0,1,0,52,1,0,0,0,2000,0,4000,24,0,1,0.301418,0.511516
56,797908.000000,15,33,12,19,2,1,0,1,1,0,3,0,0,0,1,0,0,0,0,0,0,2000,0,4000,24,0,1,0.302759,0.511516
57,797904.000000,18,34,12,19,4,0,0,0,2,4,0,0,0,0,4,0,62,3,0,0,0,2000,0,4000,24,0,1,0.303433,0.511516
58,797901.000000,21,33,13,19,3,1,0,0,0,1,0,0,0,0,0,0,0,0,0,0,0,3000,0,6000,24,0,1,0.301753,0.511516
59,797900.000000,22,33,13,19,1,0,0,0,0,2,0,0,0,0,0,0,33,0,0,0,0,3000,0,6000,24,0,1,0.302346,0.511516
60,797898.000000,23,34,13,19,2,0,0,0,0,0,1,1,1,0,2,0,0,0,0,0,0,3000,0,6000,24,0,1,0.303515,0.511516
61,797898.000000,22,31,16,20,0,3,0,0,2,3,2,1,1,0,3,0,54,1,0,0,0,3000,0,6000,24,0,1,0.303515,0.511516
62,797898.000000,20,30,18,21,0,2,0,0,1,2,3,2,2,0,1,0,13,1,0,0,0,3000,0,6000,24,0,1,0.303515,0.511516
63,797898.000000,19,28,19,23,0,1,0,0,2,1,3,1,1,0,1,0,5,1,0,0,0,3000,0,6000,24,0,1,0.303515,0.511516
64,797897.000000,18,29,19,24,1,0,0,0,1,1,3,2,2,0,1,0,7,1,0,0,0,3000,0,6000,24,0,1,0.30406,0.511516
65,797896.000000,17,28,20,26,1,1,0,0,3,1,2,0,0,0,1,0,0,1,0,0,0,3000,0,6000,24,0,1,0.304596,0.511516
66,797893.000000,16,30,22,26,3,2,0,0,3,3,1,1,1,0,2,0,5,3,0,0,0,3000,0,6000,24,0,1,0.306128,0.511516
67,797889.000000,15,34,22,27,4,0,0,0,4,3,2,1,1,0,3,0,67,2,0,0,0,3000,0,6000,24,0,1,0.308033,0.511516
68,797888.000000,15,33,23,28,1,1,0,0,3,2,1,0,0,0,2,0,13,2,0,0,0,3000,0,6000,48,0,1,0.307017,0.511516
69,797888.000000,14,33,24,28,0,1,0,0,0,0,2,0,0,0,1,0,0,0,0,0,0,3000,0,6000,48,0,1,0.307017,0.511516
70,797887.000000,13,33,24,30,1,0,0,0,2,2,3,0,0,0,0,0,59,2,0,0,0,3000,0,6000,48,0,1,0.307481,0.511516
71,797887.000000,10,35,24,31,0,0,0,0,3,4,2,1,0,0,2,0,40,3,0,0,0,3000,0,6000,48,0,1,0.307481,0.511516
72,797887.000000,10,31,27,32,0,3,0,0,0,0,2,1,1,0,3,0,0,0,0,0,0,3000,0,6000,48,0,1,0.307481,0.511516
73,797887.000000,8,32,27,33,0,0,0,0,2,2,2,1,1,0,1,0,26,2,0,0,0,3000,0,6000,48,0,1,0.307481,0.511516
74,797886.000000,6,34,27,34,1,0,0,0,3,2,3,1,1,0,0,0,10,2,0,0,0,3000,0,6000,48,0,1,0.307934,0.511516
75,797883.000000,8,31,29,36,3,2,0,0,0,0,3,1,1,0,2,0,0,0,0,0,0,3000,0,6000,48,0,1,0.30782,0.511516
76,797882.000000,9,30,29,37,1,0,0,0,1,1,1,0,0,0,2,0,5,1,0,0,0,3000,0,6000,48,0,1,0.308242,0.511516
77,797882.000000,9,30,29,37,0,0,0,0,0,1,0,0,0,0,0,0,21,0,0,0,0,3000,0,6000,48,0,1,0.308242,0.511516
78,797881.000000,9,31,29,37,1,0,0,0,1,0,1,1,1,0,1,0,0,0,0,0,0,3000,0,6000,48,0,1,0.309069,0.511516
79,797880.000000,10,28,31,38,1,2,0,0,0,0,2,1,1,0,2,0,0,0,0,0,0,3000,0,6000,48,0,1,0.309476,0.511516
80,797879.000000,11,26,32,39,1,1,0,0,0,2,1,0,0,0,0,0,0,0,0,0,0,3000,0,6000,48,0,1,0.309871,0.511516
81,797877.000000,13,25,33,39,2,1,0,1,0,0,1,1,1,0,0,0,0,0,0,0,0,3000,0,6000,48,0,1,0.310657,0.511516
82,797876.000000,11,27,33,40,1,0,0,0,1,0,2,1,1,0,0,0,0,0,0,0,0,3000,0,6000,48,0,1,0.309731,0.511516
83,797876.000000,11,24,35,41,0,2,0,0,2,1,3,2,2,0,1,0,11,1,0,0,0,3000,0,6000,48,0,1,0.309731,0.511516
84,797876.000000,11,22,35,43,0,0,0,0,0,0,3,1,1,0,0,0,0,0,0,0,0,3000,0,6000,48,0,1,0.309731,0.511516
85,797874.000000,13,20,36,44,2,1,0,0,0,0,2,1,1,0,0,0,0,0,0,0,0,3000,0,6000,48,0,1,0.310482,0.511516
86,797873.000000,13,18,38,45,1,2,0,0,1,1,1,0,0,0,0,0,5,1,0,0,0,3000,0,6000,48,0,1,0.310841,0.511516
87,797873.000000,11,20,38,45,0,0,0,0,2,1,0,0,0,0,2,0,2,1,0,0,0,3000,0,6000,48,0,1,0.310841,0.511516
88,797872.000000,10,22,38,45,1,0,0,0,2,3,0,0,0,0,1,0,97,2,0,0,0,3000,0,6000,48,0,1,0.3112,0.511516
89,797872.000000,10,21,39,45,0,1,0,0,0,0,0,0,0,0,1,0,0,0,0,0,0,3000,0,6000,48,0,1,0.3112,0.511516
90,797872.000000,10,21,39,45,0,0,0,0,0,0,0,0,0,0,0,0,0,0,0,0,0,3000,0,6000,48,0,1,0.3112,0.511516
91,797872.000000,9,22,39,45,0,0,0,0,0,0,2,2,2,0,0,0,0,0,0,0,0,3000,0,6000,48,0,1,0.3112,0.511516
92,797872.000000,8,21,39,47,0,0,0,0,2,0,2,0,0,0,0,0,0,0,0,0,0,3000,0,6000,48,0,1,0.3112,0.511516
93,797871.000000,7,22,40,47,1,1,0,0,2,0,0,0,0,0,1,0,0,0,0,0,0,3000,0,6000,48,0,1,0.311547,0.511516
94,797869.000000,8,21,42,47,2,2,0,0,1,1,1,0,0,0,0,0,20,1,0,0,0,3000,0,6000,48,0,1,0.312221,0.511516
95,797869.000000,7,20,43,48,0,1,0,0,1,0,1,0,0,0,1,0,0,0,0,0,0,3000,0,6000,48,0,1,0.312221,0.511516
96,797865.000000,10,20,44,48,4,1,0,0,1,0,1,1,1,0,1,0,0,0,0,0,0,3000,0,6000,48,0,1,0.30999,0.511516
97,797864.000000,9,21,44,49,1,0,0,0,0,0,2,1,1,0,0,0,0,0,0,0,0,3000,0,6000,48,0,1,0.310326,0.511516
98,797864.000000,8,21,44,50,0,0,0,0,3,1,1,0,0,0,1,0,0,0,0,0,0,3000,0,6000,48,0,1,0.310326,0.511516
99,797863.000000,8,22,44,50,1,0,0,0,1,1,1,1,1,0,0,0,49,0,0,0,0,3000,0,6000,48,0,1,0.309498,0.511516
100,797863.000000,8,21,44,51,0,0,0,0,0,0,2,1,1,0,0,0,0,0,0,0,0,3000,0,6000,48,0,1,0.309498,0.511516
101,797863.000000,8,18,46,52,0,2,0,0,0,0,1,0,0,0,1,0,0,0,0,0,0,3000,0,6000,48,0,1,0.309498,0.511516
102,797862.000000,8,19,46,52,1,0,0,0,1,1,2,1,1,0,1,0,40,0,0,0,0,3000,0,6000,48,0,1,0.309841,0.511516
103,797862.000000,7,17,47,54,0,1,0,0,1,0,2,0,0,0,1,0,0,0,0,0,0,3000,0,6000,48,0,1,0.309841,0.511516
104,797860.000000,8,18,47,54,2,0,0,0,1,2,0,0,0,0,1,0,30,1,0,0,0,3000,0,6000,48,0,1,0.3105,0.511516
105,797856.000000,12,18,47,54,4,0,0,0,0,1,0,0,0,0,0,0,48,0,0,0,0,3000,0,6000,48,0,1,0.311756,0.511516
106,797853.000000,13,20,47,54,3,0,0,0,2,0,3,1,1,0,0,0,0,0,0,0,0,3000,0,6000,48,0,1,0.312652,0.511516
107,797852.000000,14,17,47,57,1,0,0,0,0,0,4,1,1,0,0,0,0,0,0,0,0,3000,0,6000,48,0,1,0.312937,0.511516
108,797851.000000,12,18,48,58,1,1,0,0,3,1,2,0,0,0,1,0,6,1,0,0,0,3000,0,6000,48,0,1,0.313219,0.511516
109,797848.000000,14,17,49,59,3,1,0,0,1,1,1,0,0,0,1,0,64,1,0,0,0,3000,0,6000,48,0,1,0.31404,0.511516
110,797846.000000,16,16,50,59,2,1,0,0,0,0,0,0,0,0,0,0,0,0,0,0,0,3000,0,6000,48,0,1,0.314564,0.511516
111,797845.000000,15,17,51,59,1,1,0,0,2,1,1,1,1,0,0,0,18,1,0,0,0,3000,0,6000,48,0,1,0.314821,0.511516
112,797844.000000,14,18,51,60,1,0,0,0,2,2,1,0,0,0,1,0,13,2,0,0,0,3000,0,6000,48,0,1,0.315074,0.511516
113,797841.000000,17,18,51,60,3,0,0,0,0,0,2,1,1,0,2,0,0,0,0,0,0,3000,0,6000,48,0,1,0.314844,0.511516
114,797834.000000,21,18,52,62,7,1,0,1,1,0,3,0,0,0,0,0,0,0,0,0,0,3000,0,6000,48,0,1,0.316516,0.511516
115,797832.000000,22,17,53,63,2,1,0,0,3,2,1,0,0,0,0,0,21,2,0,0,0,3000,0,6000,48,0,1,0.316969,0.511516
116,797830.000000,22,19,53,63,2,0,0,0,0,0,0,0,0,0,1,0,0,0,0,0,0,3000,0,6000,48,0,1,0.317408,0.511516
117,797828.000000,24,19,53,63,2,0,0,0,2,2,0,0,0,0,2,0,5,2,0,0,0,3000,0,6000,48,0,1,0.317824,0.511516
118,797827.000000,22,22,53,63,1,0,0,0,3,2,0,0,0,0,0,0,42,2,0,0,0,3000,0,6000,48,0,1,0.318027,0.511516
119,797825.000000,21,24,54,63,2,1,0,0,2,2,0,0,0,0,2,0,19,2,0,0,0,3000,0,6000,48,0,1,0.318441,0.511516
120,797823.000000,22,24,55,63,2,1,0,0,1,0,0,0,0,0,2,0,0,0,0,0,0,3000,0,6000,48,0,1,0.31883,0.511516
121,797820.000000,23,24,57,63,3,2,0,0,2,2,0,0,0,0,0,0,0,2,0,0,0,3000,0,6000,48,0,1,0.319423,0.511516
122,797819.000000,23,25,57,63,1,0,0,0,2,1,0,0,0,0,1,0,4,1,0,0,0,3000,0,6000,48,0,1,0.319616,0.511516
123,797819.000000,22,26,57,63,0,0,0,0,1,1,0,0,0,0,3,0,54,1,0,0,0,3000,0,6000,48,0,1,0.319616,0.511516
124,797817.000000,24,26,57,63,2,0,0,0,0,1,0,0,0,0,1,0,14,0,0,0,0,3000,0,6000,48,0,1,0.31998,0.511516
125,797815.000000,21,30,58,63,2,1,0,0,3,3,0,0,0,0,1,0,7,3,0,0,0,3000,0,6000,48,0,1,0.320335,0.511516
126,797814.000000,21,31,58,63,1,0,0,0,3,2,0,0,0,0,3,0,0,2,0,0,0,3000,0,6000,48,0,1,0.319704,0.511516
127,797814.000000,20,31,59,63,0,1,0,0,1,1,1,1,1,0,1,0,4,1,0,0,0,3000,0,6000,48,0,1,0.319704,0.511516
128,797813.000000,19,32,59,64,1,0,0,0,2,1,2,1,1,0,0,0,2,1,0,0,0,3000,0,6000,48,0,1,0.319876,0.511516
129,797811.000000,19,31,61,65,2,2,0,0,0,0,2,1,1,0,1,0,0,0,0,0,0,3000,0,6000,48,0,1,0.32024,0.511516
130,797807.000000,21,32,61,66,4,0,0,1,3,1,3,2,2,0,2,0,14,1,0,0,0,3000,0,6000,48,0,1,0.320145,0.511516
131,797804.000000,21,32,62,68,3,1,0,0,4,2,2,0,0,0,0,0,15,2,0,0,0,3000,0,6000,48,0,1,0.320652,0.511516
132,797802.000000,23,30,64,68,2,2,0,0,0,1,0,0,0,0,1,0,47,0,0,0,0,3000,0,6000,48,0,1,0.320984,0.511516
133,797800.000000,21,33,65,68,2,1,0,0,3,1,1,0,0,0,1,0,3,1,0,0,0,3000,0,6000,48,0,1,0.32056,0.511516
134,797797.000000,24,31,66,69,3,1,0,0,1,1,1,0,0,0,3,0,44,0,0,0,0,3000,0,6000,48,0,1,0.321053,0.511516
135,797796.000000,23,32,67,69,1,1,0,0,2,1,1,1,1,0,2,0,22,1,0,0,0,3000,0,6000,48,0,1,0.321219,0.511516
136,797794.000000,22,33,68,70,2,1,0,0,2,4,2,1,1,0,2,0,59,3,0,0,0,3000,0,6000,48,0,1,0.321543,0.511516
137,797792.000000,20,34,70,71,2,2,0,0,3,3,1,0,0,0,0,0,47,3,0,0,0,3000,0,6000,48,0,1,0.321846,0.511516
138,797791.000000,19,32,74,71,1,4,0,0,3,2,1,0,0,0,4,0,15,2,0,0,0,3000,0,6000,48,0,1,0.322003,0.511516
139,797789.000000,18,34,74,72,2,0,0,0,2,3,1,0,0,0,1,0,14,3,0,0,0,3000,0,6000,48,0,1,0.322285,0.511516
140,797789.000000,15,37,74,72,0,0,0,0,4,3,0,0,0,0,3,0,63,2,0,0,0,3000,0,6000,48,0,1,0.322285,0.511516
141,797789.000000,14,38,74,72,0,0,0,0,2,3,1,1,1,0,5,0,34,3,0,0,0,3000,0,6000,48,0,1,0.322285,0.511516
142,797786.000000,14,40,74,73,3,0,0,0,0,0,1,0,0,0,3,0,0,0,0,0,0,3000,0,6000,48,0,1,0.322711,0.511516
143,797785.000000,12,41,76,73,1,2,0,0,4,3,4,2,2,0,2,0,34,3,0,0,0,3000,0,6000,48,0,1,0.322854,0.511516
144,797782.000000,15,35,78,77,3,2,0,0,2,3,6,2,2,0,3,0,10,3,0,0,0,3000,0,6000,48,0,1,0.323247,0.511516
145,797781.000000,15,34,78,79,1,0,0,0,0,0,2,0,0,0,0,0,0,0,0,0,0,3000,0,6000,48,0,1,0.32339,0.511516
146,797781.000000,14,33,80,79,0,2,0,0,2,3,2,2,2,0,1,0,40,2,0,0,0,3000,0,6000,48,0,1,0.32339,0.511516
147,797780.000000,12,34,80,81,1,0,0,0,1,0,4,2,2,0,1,0,0,0,0,0,0,3000,0,6000,48,0,1,0.32353,0.511516
148,797780.000000,12,32,80,83,0,0,0,0,2,1,5,2,2,0,1,0,0,1,0,0,0,3000,0,6000,48,0,1,0.32353,0.511516
149,797780.000000,11,30,80,86,0,0,0,0,1,1,4,1,1,0,0,0,5,1,0,0,0,3000,0,6000,48,0,1,0.32353,0.511516
150,797779.000000,12,27,82,87,1,2,0,0,0,0,2,0,0,0,1,0,0,0,0,0,0,3000,0,6000,48,0,1,0.32367,0.511516
151,797778.000000,12,25,84,88,1,2,0,0,0,0,4,2,2,0,1,0,0,0,0,0,0,3000,0,6000,48,0,1,0.323799,0.511516
152,797778.000000,11,22,85,91,0,1,0,0,2,1,3,0,0,0,4,0,3,1,0,0,0,3000,0,6000,48,0,1,0.323799,0.511516
153,797777.000000,11,23,85,91,1,0,0,0,1,2,1,1,1,0,0,0,13,1,0,0,0,3000,0,6000,48,0,1,0.323923,0.511516
154,797775.000000,12,22,86,92,2,1,0,0,1,2,2,1,1,0,0,0,20,1,0,0,0,3000,0,6000,48,0,1,0.324184,0.511516
155,797774.000000,12,21,87,93,1,1,0,0,0,0,2,1,1,0,1,0,0,0,0,0,0,3000,0,6000,48,0,1,0.324306,0.511516
156,797772.000000,14,19,88,94,2,1,0,1,1,1,2,1,1,0,1,0,4,1,0,0,0,3000,0,6000,48,0,1,0.324561,0.511516
157,797771.000000,14,17,90,95,1,2,0,0,0,0,1,0,0,0,0,0,0,0,0,0,0,3000,0,6000,48,0,1,0.324679,0.511516
158,797771.000000,14,17,90,95,0,0,0,0,1,0,0,0,0,0,1,0,0,0,0,0,0,3000,0,6000,48,0,1,0.324679,0.511516
159,797771.000000,9,22,90,95,0,0,0,0,4,1,0,0,0,0,0,0,10,1,0,0,0,3000,0,6000,48,0,1,0.324679,0.511516
160,797771.000000,9,22,90,95,0,0,0,0,1,1,1,1,0,0,1,0,42,0,0,0,0,3000,0,6000,48,0,1,0.324679,0.511516
161,797769.000000,9,21,92,96,2,2,0,0,2,0,1,0,0,0,0,0,0,0,0,0,0,3000,0,6000,48,0,1,0.324925,0.511516
162,797768.000000,9,21,93,96,1,1,0,0,1,0,2,2,2,0,0,0,0,0,0,0,0,3000,0,6000,48,0,1,0.325043,0.511516
163,797766.000000,9,20,94,98,2,1,0,0,2,0,3,1,1,0,0,0,0,0,0,0,0,3000,0,6000,48,0,1,0.325271,0.511516
164,797765.000000,10,19,94,99,1,0,0,0,0,0,2,1,1,0,3,0,0,0,0,0,0,3000,0,6000,48,0,1,0.325379,0.511516
165,797763.000000,12,18,94,100,2,0,0,2,0,2,4,1,1,0,0,0,21,0,0,0,0,3000,0,6000,48,0,1,0.325591,0.511516
166,797760.000000,15,15,94,103,3,0,0,3,0,1,3,0,0,0,0,0,0,0,0,0,0,3000,0,6000,48,0,1,0.325902,0.511516
167,797760.000000,14,14,96,103,0,2,0,0,0,0,0,0,0,0,1,0,0,0,0,0,0,3000,0,6000,48,0,1,0.325902,0.511516
168,797760.000000,13,15,96,103,0,0,0,0,2,1,0,0,0,0,0,0,0,0,0,0,0,3000,0,6000,48,0,1,0.325902,0.511516
169,797760.000000,10,18,96,103,0,0,0,0,1,0,0,0,0,0,0,0,0,0,0,0,0,3000,0,6000,48,0,1,0.325902,0.511516
170,797759.000000,10,19,96,103,1,0,0,0,3,0,1,1,1,0,0,0,0,0,0,0,0,3000,0,6000,48,0,1,0.326007,0.511516
171,797759.000000,10,17,97,104,0,1,0,0,0,0,2,1,1,0,0,0,0,0,0,0,0,3000,0,6000,48,0,1,0.326007,0.511516
172,797756.000000,10,19,97,105,3,0,0,0,3,0,1,0,0,0,1,0,0,0,0,0,0,3000,0,6000,48,0,1,0.32632,0.511516
173,797755.000000,11,18,98,105,1,1,0,0,0,0,0,0,0,0,1,0,0,0,0,0,0,3000,0,6000,48,0,1,0.326432,0.511516
174,797755.000000,10,19,98,105,0,0,0,0,1,3,0,0,0,0,1,0,113,1,0,0,0,3000,0,6000,48,0,1,0.326432,0.511516
175,797755.000000,10,19,98,105,0,0,0,0,0,0,0,0,0,0,1,0,0,0,0,0,0,3000,0,6000,48,0,1,0.326432,0.511516
176,797754.000000,10,19,99,105,1,1,0,0,1,3,0,0,0,0,0,0,40,2,0,0,0,3000,0,6000,48,0,1,0.326542,0.511516
177,797752.000000,11,18,101,105,2,2,0,0,1,0,0,0,0,0,4,0,0,0,0,0,0,3000,0,6000,48,0,1,0.326733,0.511516
178,797752.000000,9,20,101,105,0,0,0,0,1,4,0,0,0,0,0,0,71,3,0,0,0,3000,0,6000,48,0,1,0.326733,0.511516
179,797752.000000,9,20,101,105,0,0,0,0,1,0,1,1,1,0,2,0,0,0,0,0,0,3000,0,6000,48,0,1,0.326733,0.511516
180,797752.000000,8,19,102,106,0,1,0,0,1,0,1,0,0,0,0,0,0,0,0,0,0,3000,0,6000,48,0,1,0.326733,0.511516
181,797751.000000,9,18,103,106,1,1,0,0,0,0,3,2,2,0,0,0,0,0,0,0,0,3000,0,6000,48,0,1,0.326841,0.511516
182,797751.000000,9,15,103,109,0,0,0,0,0,0,3,0,0,0,0,0,0,0,0,0,0,3000,0,6000,48,0,1,0.326841,0.511516
183,797751.000000,9,15,103,109,0,0,0,0,0,0,2,1,1,0,0,0,0,0,0,0,0,3000,0,6000,48,0,1,0.326841,0.511516
184,797750.000000,7,15,104,111,1,1,0,0,2,1,2,0,0,0,0,0,0,1,0,0,0,3000,0,6000,48,0,1,0.326937,0.511516
185,797750.000000,7,15,104,111,0,0,0,0,1,0,1,1,1,0,1,0,0,0,0,0,0,3000,0,6000,48,0,1,0.326937,0.511516
186,797750.000000,7,14,104,112,0,0,0,0,0,0,1,0,0,0,0,0,0,0,0,0,0,3000,0,6000,48,0,1,0.326937,0.511516
187,797747.000000,10,12,106,112,3,2,0,0,0,0,0,0,0,0,0,0,0,0,0,0,0,3000,0,6000,48,0,1,0.327225,0.511516
188,797745.000000,11,13,106,112,2,0,0,0,1,0,1,1,1,0,0,0,0,0,0,0,0,3000,0,6000,48,0,1,0.327415,0.511516
189,797745.000000,10,13,106,113,0,0,0,0,0,0,1,0,0,0,0,0,0,0,0,0,0,3000,0,6000,48,0,1,0.327415,0.511516
190,797743.000000,12,13,106,113,2,0,0,0,1,1,1,1,1,0,1,0,3,1,0,0,0,3000,0,6000,48,0,1,0.327599,0.511516
191,797741.000000,12,14,106,114,2,0,0,0,2,1,1,0,0,0,0,0,42,1,0,0,0,3000,0,6000,48,0,1,0.32779,0.511516
192,797740.000000,12,15,106,114,1,0,0,0,0,0,0,0,0,0,1,0,0,0,0,0,0,3000,0,6000,48,0,1,0.327878,0.511516
193,797740.000000,11,16,106,114,0,0,0,0,1,1,0,0,0,0,1,0,7,1,0,0,0,3000,0,6000,48,0,1,0.327878,0.511516
194,797740.000000,10,16,107,114,0,1,0,0,1,2,1,0,0,0,1,0,14,1,0,0,0,3000,0,6000,48,0,1,0.327878,0.511516
195,797739.000000,10,16,107,115,1,0,0,1,2,0,2,0,0,0,0,0,0,0,0,0,0,3000,0,6000,48,0,1,0.327968,0.511516
196,797739.000000,7,18,107,116,0,0,0,0,2,0,1,0,0,0,1,0,0,0,0,0,0,3000,0,6000,48,0,1,0.327968,0.511516
197,797739.000000,5,19,108,116,0,1,0,0,2,1,1,1,1,0,1,0,0,0,0,0,0,3000,0,6000,48,0,1,0.327968,0.511516
198,797739.000000,5,16,110,117,0,2,0,0,1,0,1,0,0,0,0,0,0,0,0,0,0,3000,0,6000,48,0,1,0.327968,0.511516
199,797737.000000,7,15,111,117,2,1,0,0,0,0,0,0,0,0,0,0,0,0,0,0,0,3000,0,6000,48,0,1,0.328149,0.511516
200,797737.000000,6,16,111,117,0,0,0,0,1,0,1,1,1,0,0,0,0,0,0,0,0,3000,0,6000,48,0,1,0.328149,0.511516
201,797737.000000,4,17,111,118,0,0,0,0,2,0,1,0,0,0,3,0,0,0,0,0,0,3000,0,6000,48,0,1,0.328149,0.511516
202,797737.000000,4,17,111,118,0,0,0,0,0,3,1,1,0,0,2,0,140,1,0,0,0,3000,0,6000,48,0,1,0.328149,0.511516
203,797737.000000,4,15,112,119,0,1,0,0,0,2,1,0,0,0,0,0,34,1,0,0,0,3000,0,6000,48,0,1,0.328149,0.511516
204,797737.000000,4,14,113,119,0,1,0,0,0,1,1,1,1,0,0,0,55,1,0,0,0,3000,0,6000,48,0,1,0.328149,0.511516
205,797736.000000,4,14,113,120,1,0,0,0,1,1,1,0,0,0,1,0,0,1,0,0,0,3000,0,6000,48,0,1,0.328234,0.511516
206,797736.000000,4,14,113,120,0,0,0,0,0,1,2,2,2,0,2,0,13,1,0,0,0,3000,0,6000,48,0,1,0.328234,0.511516
207,797736.000000,4,12,113,122,0,0,0,0,0,1,2,0,0,0,0,0,0,1,0,0,0,3000,0,6000,48,0,1,0.328234,0.511516
208,797736.000000,3,12,114,122,0,1,0,0,1,1,1,1,1,0,0,0,16,1,0,0,0,3000,0,6000,48,0,1,0.328234,0.511516
209,797736.000000,3,9,116,123,0,2,0,0,0,0,2,0,0,0,1,0,0,0,0,0,0,3000,0,6000,48,0,1,0.328234,0.511516
210,797736.000000,2,9,116,124,0,0,0,0,1,1,1,0,0,0,0,0,0,1,0,0,0,3000,0,6000,48,0,1,0.328234,0.511516
211,797736.000000,2,9,116,124,0,0,0,0,0,0,0,0,0,0,1,0,0,0,0,0,0,3000,0,6000,48,0,1,0.328234,0.511516
212,797736.000000,1,10,116,124,0,0,0,0,1,1,0,0,0,0,0,0,11,1,0,0,0,3000,0,6000,48,0,1,0.328234,0.511516
213,797735.000000,2,10,116,124,1,0,0,0,0,0,0,0,0,0,1,0,0,0,0,0,0,3000,0,6000,48,0,1,0.328318,0.511516
214,797735.000000,2,9,117,124,0,1,0,0,0,0,0,0,0,0,0,0,0,0,0,0,0,3000,0,6000,48,0,1,0.328318,0.511516
215,797735.000000,2,9,117,124,0,0,0,0,0,0,0,0,0,0,0,0,0,0,0,0,0,3000,0,6000,48,0,1,0.328318,0.511516
216,797735.000000,2,9,117,124,0,0,0,0,0,0,0,0,0,0,0,0,0,0,0,0,0,3000,0,6000,48,0,1,0.328318,0.511516
217,797735.000000,0,11,117,124,0,0,0,0,0,0,0,0,0,0,0,0,0,0,0,0,0,3000,0,6000,48,0,1,0.328318,0.511516
218,797735.000000,0,11,117,124,0,0,0,0,2,2,0,0,0,0,1,0,18,2,0,0,0,3000,0,6000,48,0,1,0.328318,0.511516
219,797735.000000,0,9,119,124,0,2,0,0,0,0,1,1,1,0,0,0,0,0,0,0,0,3000,0,6000,48,0,1,0.328318,0.511516
220,797735.000000,0,8,119,125,0,0,0,0,0,0,2,1,1,0,0,0,0,0,0,0,0,3000,0,6000,48,0,1,0.328318,0.511516
221,797735.000000,0,6,120,126,0,1,0,0,0,0,1,0,0,0,0,0,0,0,0,0,0,3000,0,6000,48,0,1,0.328318,0.511516
222,797734.000000,1,6,120,126,1,0,0,0,0,0,0,0,0,0,1,0,0,0,0,0,0,3000,0,6000,48,0,1,0.328403,0.511516
223,797734.000000,1,6,120,126,0,0,0,0,0,0,0,0,0,0,0,0,0,0,0,0,0,3000,0,6000,48,0,1,0.328403,0.511516
224,797734.000000,1,5,121,126,0,1,0,0,0,0,0,0,0,0,0,0,0,0,0,0,0,3000,0,6000,48,0,1,0.328403,0.511516
225,797733.000000,1,6,121,126,1,0,0,0,1,0,0,0,0,0,0,0,0,0,0,0,0,3000,0,6000,48,0,1,0.328487,0.511516
226,797730.000000,4,6,121,126,3,0,0,0,0,0,0,0,0,0,0,0,0,0,0,0,0,3000,0,6000,48,0,1,0.328734,0.511516
227,797728.000000,5,7,121,126,2,0,0,0,0,0,1,1,1,0,0,0,0,0,0,0,0,3000,0,6000,48,0,1,0.32889,0.511516
228,797726.000000,7,6,121,127,2,0,0,0,1,0,1,0,0,0,0,0,0,0,0,0,0,3000,0,6000,48,0,1,0.329048,0.511516
229,797726.000000,7,6,121,127,0,0,0,0,0,0,0,0,0,0,0,0,0,0,0,0,0,3000,0,6000,48,0,1,0.329048,0.511516
230,797722.000000,11,6,121,127,4,0,0,0,0,0,0,0,0,0,1,0,0,0,0,0,0,3000,0,6000,48,0,1,0.329353,0.511516
231,797721.000000,11,6,122,127,1,1,0,0,0,1,0,0,0,0,0,0,38,0,0,0,0,3000,0,6000,48,0,1,0.329428,0.511516
232,797721.000000,9,7,123,127,0,1,0,0,2,2,0,0,0,0,2,0,10,2,0,0,0,3000,0,6000,48,0,1,0.329428,0.511516
233,797721.000000,8,8,123,127,0,0,0,0,2,2,0,0,0,0,2,0,48,2,0,0,0,3000,0,6000,48,0,1,0.329428,0.511516
234,797721.000000,7,8,124,127,0,1,0,0,1,2,0,0,0,0,1,0,0,2,0,0,0,3000,0,6000,48,0,1,0.329428,0.511516
235,797721.000000,7,8,124,127,0,0,0,0,0,0,0,0,0,0,0,0,0,0,0,0,0,3000,0,6000,48,0,1,0.329428,0.511516
236,797721.000000,6,9,124,127,0,0,0,0,1,1,0,0,0,0,0,0,0,1,0,0,0,3000,0,6000,48,0,1,0.329428,0.511516
237,797719.000000,8,9,124,127,2,0,0,0,0,0,0,0,0,0,1,0,0,0,0,0,0,3000,0,6000,48,0,1,0.329578,0.511516
238,797719.000000,6,11,124,127,0,0,0,0,1,1,0,0,0,0,0,0,15,1,0,0,0,3000,0,6000,48,0,1,0.329578,0.511516
239,797719.000000,5,12,124,127,0,0,0,0,1,1,0,0,0,0,3,0,13,1,0,0,0,3000,0,6000,48,0,1,0.329578,0.511516
240,797719.000000,5,12,124,127,0,0,0,0,1,1,0,0,0,0,1,0,2,1,0,0,0,3000,0,6000,48,0,1,0.329578,0.511516
241,797719.000000,3,14,124,127,0,0,0,0,1,1,0,0,0,0,0,0,2,1,0,0,0,3000,0,6000,48,0,1,0.329578,0.511516
242,797718.000000,4,13,125,127,1,1,0,0,1,1,0,0,0,0,1,0,3,1,0,0,0,3000,0,6000,48,0,1,0.32965,0.511516
243,797718.000000,4,12,126,127,0,1,0,0,0,0,0,0,0,0,0,0,0,0,0,0,0,3000,0,6000,48,0,1,0.32965,0.511516
244,797718.000000,3,12,127,127,0,1,0,0,1,1,0,0,0,0,0,0,1,1,0,0,0,3000,0,6000,48,0,1,0.32965,0.511516
245,797717.000000,4,12,127,127,1,0,0,0,0,0,0,0,0,0,1,0,0,0,0,0,0,3000,0,6000,48,0,1,0.329724,0.511516
246,797717.000000,4,12,127,127,0,0,0,0,0,0,0,0,0,0,1,0,0,0,0,0,0,3000,0,6000,48,0,1,0.329724,0.511516
247,797717.000000,4,12,127,127,0,0,0,0,0,0,1,1,1,0,0,0,0,0,0,0,0,3000,0,6000,48,0,1,0.329724,0.511516
248,797717.000000,4,10,128,128,0,1,0,0,0,0,1,0,0,0,0,0,0,0,0,0,0,3000,0,6000,48,0,1,0.329724,0.511516
249,797717.000000,3,8,131,128,0,3,0,0,1,1,0,0,0,0,0,0,5,1,0,0,0,3000,0,6000,48,0,1,0.329724,0.511516
250,797717.000000,2,9,131,128,0,0,0,0,1,1,0,0,0,0,1,0,3,1,0,0,0,3000,0,6000,48,0,1,0.329724,0.511516
251,797717.000000,2,9,131,128,0,0,0,0,0,0,0,0,0,0,1,0,0,0,0,0,0,3000,0,6000,48,0,1,0.329724,0.511516
252,797717.000000,2,9,131,128,0,0,0,0,0,0,0,0,0,0,0,0,0,0,0,0,0,3000,0,6000,48,0,1,0.329724,0.511516
253,797717.000000,1,10,131,128,0,0,0,0,1,1,0,0,0,0,0,0,27,1,0,0,0,3000,0,6000,48,0,1,0.329724,0.511516
254,797717.000000,1,10,131,128,0,0,0,0,0,0,0,0,0,0,1,0,0,0,0,0,0,3000,0,6000,48,0,1,0.329724,0.511516
255,797717.000000,0,11,131,128,0,0,0,0,0,0,0,0,0,0,0,0,0,0,0,0,0,3000,0,6000,48,0,1,0.329724,0.511516
256,797717.000000,0,11,131,128,0,0,0,0,1,1,1,1,1,0,1,0,10,1,0,0,0,3000,0,6000,48,0,1,0.329724,0.511516
257,797717.000000,0,10,131,129,0,0,0,0,0,0,2,1,1,0,0,0,0,0,0,0,0,3000,0,6000,48,0,1,0.329724,0.511516
258,797717.000000,0,9,131,130,0,0,0,0,0,0,2,1,1,0,0,0,0,0,0,0,0,3000,0,6000,48,0,1,0.329724,0.511516
259,797717.000000,0,8,131,131,0,0,0,0,0,0,1,0,0,0,0,0,0,0,0,0,0,3000,0,6000,48,0,1,0.329724,0.511516
260,797717.000000,0,7,132,131,0,1,0,0,0,0,1,1,1,0,0,0,0,0,0,0,0,3000,0,6000,48,0,1,0.329724,0.511516
261,797717.000000,0,6,132,132,0,0,0,0,0,0,2,1,1,0,0,0,0,0,0,0,0,3000,0,6000,48,0,1,0.329724,0.511516
262,797717.000000,0,4,133,133,0,1,0,0,0,0,1,0,0,0,0,0,0,0,0,0,0,3000,0,6000,48,0,1,0.329724,0.511516
263,797717.000000,0,4,133,133,0,0,0,0,0,0,1,1,1,0,0,0,0,0,0,0,0,3000,0,6000,48,0,1,0.329724,0.511516
264,797717.000000,0,3,133,134,0,0,0,0,0,0,1,0,0,0,0,0,0,0,0,0,0,3000,0,6000,48,0,1,0.329724,0.511516
265,797717.000000,0,3,133,134,0,0,0,0,0,0,0,0,0,0,0,0,0,0,0,0,0,3000,0,6000,48,0,1,0.329724,0.511516
266,797717.000000,0,3,133,134,0,0,0,0,0,0,0,0,0,0,0,0,0,0,0,0,0,3000,0,6000,48,0,1,0.329724,0.511516
267,797717.000000,0,3,133,134,0,0,0,0,0,0,0,0,0,0,0,0,0,0,0,0,0,3000,0,6000,48,0,1,0.329724,0.511516
268,797717.000000,0,2,134,134,0,1,0,0,0,0,0,0,0,0,0,0,0,0,0,0,0,3000,0,6000,48,0,1,0.329724,0.511516
269,797717.000000,0,1,135,134,0,1,0,0,0,0,0,0,0,0,0,0,0,0,0,0,0,3000,0,6000,48,0,1,0.329724,0.511516
270,797717.000000,0,1,135,134,0,0,0,0,0,0,0,0,0,0,0,0,0,0,0,0,0,3000,0,6000,48,0,1,0.329724,0.511516
271,797717.000000,0,1,135,134,0,0,0,0,0,0,1,1,1,0,0,0,0,0,0,0,0,3000,0,6000,48,0,1,0.329724,0.511516
272,797717.000000,0,0,135,135,0,0,0,0,0,0,1,0,0,0,0,0,0,0,0,0,0,3000,0,6000,48,1,1,0.329724,0.511516
273,797717.000000,0,0,135,135,0,0,0,0,0,0,0,0,0,0,0,0,0,0,0,0,0,3000,0,6000,48,1,1,0.329724,0.511516
274,797717.000000,0,0,135,135,0,0,0,0,0,0,0,0,0,0,0,0,0,0,0,0,0,3000,0,6000,48,1,1,0.329724,0.511516
275,797717.000000,0,0,135,135,0,0,0,0,0,0,0,0,0,0,0,0,0,0,0,0,0,3000,0,6000,48,1,1,0.329724,0.511516
276,797717.000000,0,0,135,135,0,0,0,0,0,0,0,0,0,0,0,0,0,0,0,0,0,3000,0,6000,48,1,1,0.329724,0.511516
277,797717.000000,0,0,135,135,0,0,0,0,0,0,0,0,0,0,0,0,0,0,0,0,0,3000,0,6000,48,1,1,0.329724,0.511516
278,797717.000000,0,0,135,135,0,0,0,0,0,0,0,0,0,0,0,0,0,0,0,0,0,3000,0,6000,48,1,1,0.329724,0.511516
279,797717.000000,0,0,135,135,0,0,0,0,0,0,0,0,0,0,0,0,0,0,0,0,0,3000,0,6000,48,1,1,0.329724,0.511516
280,797717.000000,0,0,135,135,0,0,0,0,0,0,0,0,0,0,0,0,0,0,0,0,0,3000,0,6000,48,1,1,0.329724,0.511516
281,797717.000000,0,0,135,135,0,0,0,0,0,0,0,0,0,0,0,0,0,0,0,0,0,3000,0,6000,48,1,1,0.329724,0.511516
282,797717.000000,0,0,135,135,0,0,0,0,0,0,0,0,0,0,0,0,0,0,0,0,0,3000,0,6000,48,1,1,0.329724,0.511516
283,797717.000000,0,0,135,135,0,0,0,0,0,0,0,0,0,0,0,0,0,0,0,0,0,3000,0,6000,48,1,1,0.329724,0.511516
284,797717.000000,0,0,135,135,0,0,0,0,0,0,0,0,0,0,0,0,0,0,0,0,0,3000,0,6000,48,1,1,0.329724,0.511516
285,797717.000000,0,0,135,135,0,0,0,0,0,0,0,0,0,0,0,0,0,0,0,0,0,3000,0,6000,48,1,1,0.329724,0.511516
286,797717.000000,0,0,135,135,0,0,0,0,0,0,0,0,0,0,0,0,0,0,0,0,0,3000,0,6000,48,1,1,0.329724,0.511516
287,797717.000000,0,0,135,135,0,0,0,0,0,0,0,0,0,0,0,0,0,0,0,0,0,3000,0,6000,48,1,1,0.329724,0.511516
288,797717.000000,0,0,135,135,0,0,0,0,0,0,0,0,0,0,0,0,0,0,0,0,0,3000,0,6000,48,1,1,0.329724,0.511516
289,797717.000000,0,0,135,135,0,0,0,0,0,0,0,0,0,0,0,0,0,0,0,0,0,3000,0,6000,48,1,1,0.329724,0.511516
290,797717.000000,0,0,135,135,0,0,0,0,0,0,0,0,0,0,0,0,0,0,0,0,0,3000,0,6000,48,1,1,0.329724,0.511516
291,797717.000000,0,0,135,135,0,0,0,0,0,0,0,0,0,0,0,0,0,0,0,0,0,3000,0,6000,48,1,1,0.329724,0.511516
292,797717.000000,0,0,135,135,0,0,0,0,0,0,0,0,0,0,0,0,0,0,0,0,0,3000,0,6000,48,1,1,0.329724,0.511516
293,797717.000000,0,0,135,135,0,0,0,0,0,0,0,0,0,0,0,0,0,0,0,0,0,3000,0,6000,48,1,1,0.329724,0.511516
294,797717.000000,0,0,135,135,0,0,0,0,0,0,0,0,0,0,0,0,0,0,0,0,0,3000,0,6000,48,1,1,0.329724,0.511516
295,797717.000000,0,0,135,135,0,0,0,0,0,0,0,0,0,0,0,0,0,0,0,0,0,3000,0,6000,48,1,1,0.329724,0.511516
296,797717.000000,0,0,135,135,0,0,0,0,0,0,0,0,0,0,0,0,0,0,0,0,0,3000,0,6000,48,1,1,0.329724,0.511516
297,797717.000000,0,0,135,135,0,0,0,0,0,0,0,0,0,0,0,0,0,0,0,0,0,3000,0,6000,48,1,1,0.329724,0.511516
298,797717.000000,0,0,135,135,0,0,0,0,0,0,0,0,0,0,0,0,0,0,0,0,0,3000,0,6000,48,1,1,0.329724,0.511516
299,797717.000000,0,0,135,135,0,0,0,0,0,0,0,0,0,0,0,0,0,0,0,0,0,3000,0,6000,48,1,1,0.329724,0.511516
300,797717.000000,0,0,135,135,0,0,0,0,0,0,0,0,0,0,0,0,0,0,0,0,0,3000,0,6000,48,1,1,0.329724,0.511516
301,797717.000000,0,0,135,135,0,0,0,0,0,0,0,0,0,0,0,0,0,0,0,0,0,3000,0,6000,48,1,1,0.329724,0.511516
302,797717.000000,0,0,135,135,0,0,0,0,0,0,0,0,0,0,0,0,0,0,0,0,0,3000,0,6000,48,1,1,0.329724,0.511516
303,797717.000000,0,0,135,135,0,0,0,0,0,0,0,0,0,0,0,0,0,0,0,0,0,3000,0,6000,48,1,1,0.329724,0.511516
304,797717.000000,0,0,135,135,0,0,0,0,0,0,0,0,0,0,0,0,0,0,0,0,0,3000,0,6000,48,1,1,0.329724,0.511516
305,797717.000000,0,0,135,135,0,0,0,0,0,0,0,0,0,0,0,0,0,0,0,0,0,3000,0,6000,48,1,1,0.329724,0.511516
306,797717.000000,0,0,135,135,0,0,0,0,0,0,0,0,0,0,0,0,0,0,0,0,0,3000,0,6000,48,1,1,0.329724,0.511516
307,797717.000000,0,0,135,135,0,0,0,0,0,0,0,0,0,0,0,0,0,0,0,0,0,3000,0,6000,48,1,1,0.329724,0.511516
308,797717.000000,0,0,135,135,0,0,0,0,0,0,0,0,0,0,0,0,0,0,0,0,0,3000,0,6000,48,1,1,0.329724,0.511516
309,797717.000000,0,0,135,135,0,0,0,0,0,0,0,0,0,0,0,0,0,0,0,0,0,3000,0,6000,48,1,1,0.329724,0.511516
310,797717.000000,0,0,135,135,0,0,0,0,0,0,0,0,0,0,0,0,0,0,0,0,0,3000,0,6000,48,1,1,0.329724,0.511516
311,797717.000000,0,0,135,135,0,0,0,0,0,0,0,0,0,0,0,0,0,0,0,0,0,3000,0,6000,48,1,1,0.329724,0.511516
312,797717.000000,0,0,135,135,0,0,0,0,0,0,0,0,0,0,0,0,0,0,0,0,0,3000,0,6000,48,1,1,0.329724,0.511516
313,797717.000000,0,0,135,135,0,0,0,0,0,0,0,0,0,0,0,0,0,0,0,0,0,3000,0,6000,48,1,1,0.329724,0.511516
314,797717.000000,0,0,135,135,0,0,0,0,0,0,0,0,0,0,0,0,0,0,0,0,0,3000,0,6000,48,1,1,0.329724,0.511516
315,797717.000000,0,0,135,135,0,0,0,0,0,0,0,0,0,0,0,0,0,0,0,0,0,3000,0,6000,48,1,1,0.329724,0.511516
316,797717.000000,0,0,135,135,0,0,0,0,0,0,0,0,0,0,0,0,0,0,0,0,0,0,0,0,48,1,1,0.329724,0.511516
317,797717.000000,0,0,135,135,0,0,0,0,0,0,0,0,0,0,0,0,0,0,0,0,0,0,0,0,48,1,1,0.329724,0.511516
318,797717.000000,0,0,135,135,0,0,0,0,0,0,0,0,0,0,0,0,0,0,0,0,0,0,0,0,48,1,1,0.329724,0.511516
319,797717.000000,0,0,135,135,0,0,0,0,0,0,0,0,0,0,0,0,0,0,0,0,0,0,0,0,48,1,1,0.329724,0.511516
320,797717.000000,0,0,135,135,0,0,0,0,0,0,0,0,0,0,0,0,0,0,0,0,0,0,0,0,48,1,1,0.329724,0.511516
321,797717.000000,0,0,135,135,0,0,0,0,0,0,0,0,0,0,0,0,0,0,0,0,0,0,0,0,48,1,1,0.329724,0.511516
322,797717.000000,0,0,135,135,0,0,0,0,0,0,0,0,0,0,0,0,0,0,0,0,0,0,0,0,48,1,1,0.329724,0.511516
323,797717.000000,0,0,135,135,0,0,0,0,0,0,0,0,0,0,0,0,0,0,0,0,0,0,0,0,48,1,1,0.329724,0.511516
324,797717.000000,0,0,135,135,0,0,0,0,0,0,0,0,0,0,0,0,0,0,0,0,0,0,0,0,48,1,1,0.329724,0.511516
325,797717.000000,0,0,135,135,0,0,0,0,0,0,0,0,0,0,0,0,0,0,0,0,0,0,0,0,48,1,1,0.329724,0.511516
326,797717.000000,0,0,135,135,0,0,0,0,0,0,0,0,0,0,0,0,0,0,0,0,0,0,0,0,48,1,1,0.329724,0.511516
327,797717.000000,0,0,135,135,0,0,0,0,0,0,0,0,0,0,0,0,0,0,0,0,0,0,0,0,48,1,1,0.329724,0.511516
328,797717.000000,0,0,135,135,0,0,0,0,0,0,0,0,0,0,0,0,0,0,0,0,0,0,0,0,48,1,1,0.329724,0.511516
329,797717.000000,0,0,135,135,0,0,0,0,0,0,0,0,0,0,0,0,0,0,0,0,0,0,0,0,48,1,1,0.329724,0.511516
330,797717.000000,0,0,135,135,0,0,0,0,0,0,0,0,0,0,0,0,0,0,0,0,0,0,0,0,48,1,1,0.329724,0.511516
331,797717.000000,0,0,135,135,0,0,0,0,0,0,0,0,0,0,0,0,0,0,0,0,0,0,0,0,48,1,1,0.329724,0.511516
332,797717.000000,0,0,135,135,0,0,0,0,0,0,0,0,0,0,0,0,0,0,0,0,0,0,0,0,48,1,1,0.329724,0.511516
333,797717.000000,0,0,135,135,0,0,0,0,0,0,0,0,0,0,0,0,0,0,0,0,0,0,0,0,48,1,1,0.329724,0.511516
334,797717.000000,0,0,135,135,0,0,0,0,0,0,0,0,0,0,0,0,0,0,0,0,0,0,0,0,48,1,1,0.329724,0.511516
335,797717.000000,0,0,135,135,0,0,0,0,0,0,0,0,0,0,0,0,0,0,0,0,0,0,0,0,48,1,1,0.329724,0.511516
336,797717.000000,0,0,135,135,0,0,0,0,0,0,0,0,0,0,0,0,0,0,0,0,0,0,0,0,48,1,1,0.329724,0.511516
337,797717.000000,0,0,135,135,0,0,0,0,0,0,0,0,0,0,0,0,0,0,0,0,0,0,0,0,48,1,1,0.329724,0.511516
338,797717.000000,0,0,135,135,0,0,0,0,0,0,0,0,0,0,0,0,0,0,0,0,0,0,0,0,48,1,1,0.329724,0.511516
339,797717.000000,0,0,135,135,0,0,0,0,0,0,0,0,0,0,0,0,0,0,0,0,0,0,0,0,48,1,1,0.329724,0.511516
340,797717.000000,0,0,135,135,0,0,0,0,0,0,0,0,0,0,0,0,0,0,0,0,0,0,0,0,48,1,1,0.329724,0.511516
341,797717.000000,0,0,135,135,0,0,0,0,0,0,0,0,0,0,0,0,0,0,0,0,0,0,0,0,48,1,1,0.329724,0.511516
342,797717.000000,0,0,135,135,0,0,0,0,0,0,0,0,0,0,0,0,0,0,0,0,0,0,0,0,48,1,1,0.329724,0.511516
343,797717.000000,0,0,135,135,0,0,0,0,0,0,0,0,0,0,0,0,0,0,0,0,0,0,0,0,48,1,1,0.329724,0.511516
344,797717.000000,0,0,135,135,0,0,0,0,0,0,0,0,0,0,0,0,0,0,0,0,0,0,0,0,48,1,1,0.329724,0.511516
345,797717.000000,0,0,135,135,0,0,0,0,0,0,0,0,0,0,0,0,0,0,0,0,0,0,0,0,48,1,1,0.329724,0.511516
346,797717.000000,0,0,135,135,0,0,0,0,0,0,0,0,0,0,0,0,0,0,0,0,0,0,0,0,48,1,1,0.329724,0.511516
347,797717.000000,0,0,135,135,0,0,0,0,0,0,0,0,0,0,0,0,0,0,0,0,0,0,0,0,48,1,1,0.329724,0.511516
348,797717.000000,0,0,135,135,0,0,0,0,0,0,0,0,0,0,0,0,0,0,0,0,0,0,0,0,48,1,1,0.329724,0.511516
349,797717.000000,0,0,135,135,0,0,0,0,0,0,0,0,0,0,0,0,0,0,0,0,0,0,0,0,48,1,1,0.329724,0.511516
350,797717.000000,0,0,135,135,0,0,0,0,0,0,0,0,0,0,0,0,0,0,0,0,0,0,0,0,48,1,1,0.329724,0.511516
351,797717.000000,0,0,135,135,0,0,0,0,0,0,0,0,0,0,0,0,0,0,0,0,0,0,0,0,48,1,1,0.329724,0.511516
352,797717.000000,0,0,135,135,0,0,0,0,0,0,0,0,0,0,0,0,0,0,0,0,0,0,0,0,48,1,1,0.329724,0.511516
353,797717.000000,0,0,135,135,0,0,0,0,0,0,0,0,0,0,0,0,0,0,0,0,0,0,0,0,48,1,1,0.329724,0.511516
354,797717.000000,0,0,135,135,0,0,0,0,0,0,0,0,0,0,0,0,0,0,0,0,0,0,0,0,48,1,1,0.329724,0.511516
355,797717.000000,0,0,135,135,0,0,0,0,0,0,0,0,0,0,0,0,0,0,0,0,0,0,0,0,48,1,1,0.329724,0.511516
356,797717.000000,0,0,135,135,0,0,0,0,0,0,0,0,0,0,0,0,0,0,0,0,0,0,0,0,48,1,1,0.329724,0.511516
357,797717.000000,0,0,135,135,0,0,0,0,0,0,0,0,0,0,0,0,0,0,0,0,0,0,0,0,48,1,1,0.329724,0.511516
358,797717.000000,0,0,135,135,0,0,0,0,0,0,0,0,0,0,0,0,0,0,0,0,0,0,0,0,48,1,1,0.329724,0.511516
359,797717.000000,0,0,135,135,0,0,0,0,0,0,0,0,0,0,0,0,0,0,0,0,0,0,0,0,48,1,1,0.329724,0.511516
360,797717.000000,0,0,135,135,0,0,0,0,0,0,0,0,0,0,0,0,0,0,0,0,0,0,0,0,48,1,1,0.329724,0.511516
361,797717.000000,0,0,135,135,0,0,0,0,0,0,0,0,0,0,0,0,0,0,0,0,0,0,0,0,48,1,1,0.329724,0.511516
362,797717.000000,0,0,135,135,0,0,0,0,0,0,0,0,0,0,0,0,0,0,0,0,0,0,0,0,48,1,1,0.329724,0.511516
363,797717.000000,0,0,135,135,0,0,0,0,0,0,0,0,0,0,0,0,0,0,0,0,0,0,0,0,48,1,1,0.329724,0.511516
364,797717.000000,0,0,135,135,0,0,0,0,0,0,0,0,0,0,0,0,0,0,0,0,0,0,0,0,48,1,1,0.329724,0.511516
365,797717.000000,0,0,135,135,0,0,0,0,0,0,0,0,0,0,0,0,0,0,0,0,0,0,0,0,48,1,1,0.329724,0.511516
366,797717.000000,0,0,135,135,0,0,0,0,0,0,0,0,0,0,0,0,0,0,0,0,0,0,0,0,48,1,1,0.329724,0.511516
367,797717.000000,0,0,135,135,0,0,0,0,0,0,0,0,0,0,0,0,0,0,0,0,0,0,0,0,48,1,1,0.329724,0.511516
368,797717.000000,0,0,135,135,0,0,0,0,0,0,0,0,0,0,0,0,0,0,0,0,0,0,0,0,48,1,1,0.329724,0.511516
369,797717.000000,0,0,135,135,0,0,0,0,0,0,0,0,0,0,0,0,0,0,0,0,0,0,0,0,48,1,1,0.329724,0.511516
370,797717.000000,0,0,135,135,0,0,0,0,0,0,0,0,0,0,0,0,0,0,0,0,0,0,0,0,48,1,1,0.329724,0.511516
371,797717.000000,0,0,135,135,0,0,0,0,0,0,0,0,0,0,0,0,0,0,0,0,0,0,0,0,48,1,1,0.329724,0.511516
372,797717.000000,0,0,135,135,0,0,0,0,0,0,0,0,0,0,0,0,0,0,0,0,0,0,0,0,48,1,1,0.329724,0.511516
373,797717.000000,0,0,135,135,0,0,0,0,0,0,0,0,0,0,0,0,0,0,0,0,0,0,0,0,48,1,1,0.329724,0.511516
374,797717.000000,0,0,135,135,0,0,0,0,0,0,0,0,0,0,0,0,0,0,0,0,0,0,0,0,48,1,1,0.329724,0.511516
375,797717.000000,0,0,135,135,0,0,0,0,0,0,0,0,0,0,0,0,0,0,0,0,0,0,0,0,48,1,1,0.329724,0.511516
376,797717.000000,0,0,135,135,0,0,0,0,0,0,0,0,0,0,0,0,0,0,0,0,0,0,0,0,48,1,1,0.329724,0.511516
377,797717.000000,0,0,135,135,0,0,0,0,0,0,0,0,0,0,0,0,0,0,0,0,0,0,0,0,48,1,1,0.329724,0.511516
378,797717.000000,0,0,135,135,0,0,0,0,0,0,0,0,0,0,0,0,0,0,0,0,0,0,0,0,48,1,1,0.329724,0.511516
379,797717.000000,0,0,135,135,0,0,0,0,0,0,0,0,0,0,0,0,0,0,0,0,0,0,0,0,48,1,1,0.329724,0.511516
380,797717.000000,0,0,135,135,0,0,0,0,0,0,0,0,0,0,0,0,0,0,0,0,0,0,0,0,48,1,1,0.329724,0.511516
381,797717.000000,0,0,135,135,0,0,0,0,0,0,0,0,0,0,0,0,0,0,0,0,0,0,0,0,48,1,1,0.329724,0.511516
382,797717.000000,0,0,135,135,0,0,0,0,0,0,0,0,0,0,0,0,0,0,0,0,0,0,0,0,48,1,1,0.329724,0.511516
383,797717.000000,0,0,135,135,0,0,0,0,0,0,0,0,0,0,0,0,0,0,0,0,0,0,0,0,48,1,1,0.329724,0.511516
384,797717.000000,0,0,135,135,0,0,0,0,0,0,0,0,0,0,0,0,0,0,0,0,0,0,0,0,48,1,1,0.329724,0.511516
385,797717.000000,0,0,135,135,0,0,0,0,0,0,0,0,0,0,0,0,0,0,0,0,0,0,0,0,48,1,1,0.329724,0.511516
386,797717.000000,0,0,135,135,0,0,0,0,0,0,0,0,0,0,0,0,0,0,0,0,0,0,0,0,48,1,1,0.329724,0.511516
387,797717.000000,0,0,135,135,0,0,0,0,0,0,0,0,0,0,0,0,0,0,0,0,0,0,0,0,48,1,1,0.329724,0.511516
388,797717.000000,0,0,135,135,0,0,0,0,0,0,0,0,0,0,0,0,0,0,0,0,0,0,0,0,48,1,1,0.329724,0.511516
389,797717.000000,0,0,135,135,0,0,0,0,0,0,0,0,0,0,0,0,0,0,0,0,0,0,0,0,48,1,1,0.329724,0.511516
390,797717.000000,0,0,135,135,0,0,0,0,0,0,0,0,0,0,0,0,0,0,0,0,0,0,0,0,48,1,1,0.329724,0.511516
391,797717.000000,0,0,135,135,0,0,0,0,0,0,0,0,0,0,0,0,0,0,0,0,0,0,0,0,48,1,1,0.329724,0.511516
392,797717.000000,0,0,135,135,0,0,0,0,0,0,0,0,0,0,0,0,0,0,0,0,0,0,0,0,48,1,1,0.329724,0.511516
393,797717.000000,0,0,135,135,0,0,0,0,0,0,0,0,0,0,0,0,0,0,0,0,0,0,0,0,48,1,1,0.329724,0.511516
394,797717.000000,0,0,135,135,0,0,0,0,0,0,0,0,0,0,0,0,0,0,0,0,0,0,0,0,48,1,1,0.329724,0.511516
395,797717.000000,0,0,135,135,0,0,0,0,0,0,0,0,0,0,0,0,0,0,0,0,0,0,0,0,48,1,1,0.329724,0.511516
396,797717.000000,0,0,135,135,0,0,0,0,0,0,0,0,0,0,0,0,0,0,0,0,0,0,0,0,48,1,1,0.329724,0.511516
397,797717.000000,0,0,135,135,0,0,0,0,0,0,0,0,0,0,0,0,0,0,0,0,0,0,0,0,48,1,1,0.329724,0.511516
398,797717.000000,0,0,135,135,0,0,0,0,0,0,0,0,0,0,0,0,0,0,0,0,0,0,0,0,48,1,1,0.329724,0.511516
399,797717.000000,0,0,135,135,0,0,0,0,0,0,0,0,0,0,0,0,0,0,0,0,0,0,0,0,48,1,1,0.329724,0.511516
400,797717.000000,0,0,135,135,0,0,0,0,0,0,0,0,0,0,0,0,0,0,0,0,0,0,0,0,48,1,1,0.329724,0.511516
401,797717.000000,0,0,135,135,0,0,0,0,0,0,0,0,0,0,0,0,0,0,0,0,0,0,0,0,48,1,1,0.329724,0.511516
402,797717.000000,0,0,135,135,0,0,0,0,0,0,0,0,0,0,0,0,0,0,0,0,0,0,0,0,48,1,1,0.329724,0.511516
403,797717.000000,0,0,135,135,0,0,0,0,0,0,0,0,0,0,0,0,0,0,0,0,0,0,0,0,48,1,1,0.329724,0.511516
404,797717.000000,0,0,135,135,0,0,0,0,0,0,0,0,0,0,0,0,0,0,0,0,0,0,0,0,48,1,1,0.329724,0.511516
405,797717.000000,0,0,135,135,0,0,0,0,0,0,0,0,0,0,0,0,0,0,0,0,0,0,0,0,48,1,1,0.329724,0.511516
406,797717.000000,0,0,135,135,0,0,0,0,0,0,0,0,0,0,0,0,0,0,0,0,0,0,0,0,48,1,1,0.329724,0.511516
407,797717.000000,0,0,135,135,0,0,0,0,0,0,0,0,0,0,0,0,0,0,0,0,0,0,0,0,48,1,1,0.329724,0.511516
408,797717.000000,0,0,135,135,0,0,0,0,0,0,0,0,0,0,0,0,0,0,0,0,0,0,0,0,48,1,1,0.329724,0.511516
409,797717.000000,0,0,135,135,0,0,0,0,0,0,0,0,0,0,0,0,0,0,0,0,0,0,0,0,48,1,1,0.329724,0.511516
410,797717.000000,0,0,135,135,0,0,0,0,0,0,0,0,0,0,0,0,0,0,0,0,0,0,0,0,48,1,1,0.329724,0.511516
411,797717.000000,0,0,135,135,0,0,0,0,0,0,0,0,0,0,0,0,0,0,0,0,0,0,0,0,48,1,1,0.329724,0.511516
412,797717.000000,0,0,135,135,0,0,0,0,0,0,0,0,0,0,0,0,0,0,0,0,0,0,0,0,48,1,1,0.329724,0.511516
413,797717.000000,0,0,135,135,0,0,0,0,0,0,0,0,0,0,0,0,0,0,0,0,0,0,0,0,48,1,1,0.329724,0.511516
414,797717.000000,0,0,135,135,0,0,0,0,0,0,0,0,0,0,0,0,0,0,0,0,0,0,0,0,48,1,1,0.329724,0.511516
415,797717.000000,0,0,135,135,0,0,0,0,0,0,0,0,0,0,0,0,0,0,0,0,0,0,0,0,48,1,1,0.329724,0.511516
416,797717.000000,0,0,135,135,0,0,0,0,0,0,0,0,0,0,0,0,0,0,0,0,0,0,0,0,48,1,1,0.329724,0.511516
417,797717.000000,0,0,135,135,0,0,0,0,0,0,0,0,0,0,0,0,0,0,0,0,0,0,0,0,48,1,1,0.329724,0.511516
418,797717.000000,0,0,135,135,0,0,0,0,0,0,0,0,0,0,0,0,0,0,0,0,0,0,0,0,48,1,1,0.329724,0.511516
419,797717.000000,0,0,135,135,0,0,0,0,0,0,0,0,0,0,0,0,0,0,0,0,0,0,0,0,48,1,1,0.329724,0.511516
420,797717.000000,0,0,135,135,0,0,0,0,0,0,0,0,0,0,0,0,0,0,0,0,0,0,0,0,48,1,1,0.329724,0.511516
421,797717.000000,0,0,135,135,0,0,0,0,0,0,0,0,0,0,0,0,0,0,0,0,0,0,0,0,48,1,1,0.329724,0.511516
422,797717.000000,0,0,135,135,0,0,0,0,0,0,0,0,0,0,0,0,0,0,0,0,0,0,0,0,48,1,1,0.329724,0.511516
423,797717.000000,0,0,135,135,0,0,0,0,0,0,0,0,0,0,0,0,0,0,0,0,0,0,0,0,48,1,1,0.329724,0.511516
424,797717.000000,0,0,135,135,0,0,0,0,0,0,0,0,0,0,0,0,0,0,0,0,0,0,0,0,48,1,1,0.329724,0.511516
425,797717.000000,0,0,135,135,0,0,0,0,0,0,0,0,0,0,0,0,0,0,0,0,0,0,0,0,48,1,1,0.329724,0.511516
426,797717.000000,0,0,135,135,0,0,0,0,0,0,0,0,0,0,0,0,0,0,0,0,0,0,0,0,48,1,1,0.329724,0.511516
427,797717.000000,0,0,135,135,0,0,0,0,0,0,0,0,0,0,0,0,0,0,0,0,0,0,0,0,48,1,1,0.329724,0.511516
428,797717.000000,0,0,135,135,0,0,0,0,0,0,0,0,0,0,0,0,0,0,0,0,0,0,0,0,48,1,1,0.329724,0.511516
429,797717.000000,0,0,135,135,0,0,0,0,0,0,0,0,0,0,0,0,0,0,0,0,0,0,0,0,48,1,1,0.329724,0.511516
430,797717.000000,0,0,135,135,0,0,0,0,0,0,0,0,0,0,0,0,0,0,0,0,0,0,0,0,48,1,1,0.329724,0.511516
431,797717.000000,0,0,135,135,0,0,0,0,0,0,0,0,0,0,0,0,0,0,0,0,0,0,0,0,48,1,1,0.329724,0.511516
432,797717.000000,0,0,135,135,0,0,0,0,0,0,0,0,0,0,0,0,0,0,0,0,0,0,0,0,48,1,1,0.329724,0.511516
433,797717.000000,0,0,135,135,0,0,0,0,0,0,0,0,0,0,0,0,0,0,0,0,0,0,0,0,48,1,1,0.329724,0.511516
434,797717.000000,0,0,135,135,0,0,0,0,0,0,0,0,0,0,0,0,0,0,0,0,0,0,0,0,48,1,1,0.329724,0.511516
435,797717.000000,0,0,135,135,0,0,0,0,0,0,0,0,0,0,0,0,0,0,0,0,0,0,0,0,48,1,1,0.329724,0.511516
436,797717.000000,0,0,135,135,0,0,0,0,0,0,0,0,0,0,0,0,0,0,0,0,0,0,0,0,48,1,1,0.329724,0.511516
437,797717.000000,0,0,135,135,0,0,0,0,0,0,0,0,0,0,0,0,0,0,0,0,0,0,0,0,48,1,1,0.329724,0.511516
438,797717.000000,0,0,135,135,0,0,0,0,0,0,0,0,0,0,0,0,0,0,0,0,0,0,0,0,48,1,1,0.329724,0.511516
439,797717.000000,0,0,135,135,0,0,0,0,0,0,0,0,0,0,0,0,0,0,0,0,0,0,0,0,48,1,1,0.329724,0.511516
440,797717.000000,0,0,135,135,0,0,0,0,0,0,0,0,0,0,0,0,0,0,0,0,0,0,0,0,48,1,1,0.329724,0.511516
441,797717.000000,0,0,135,135,0,0,0,0,0,0,0,0,0,0,0,0,0,0,0,0,0,0,0,0,48,1,1,0.329724,0.511516
442,797717.000000,0,0,135,135,0,0,0,0,0,0,0,0,0,0,0,0,0,0,0,0,0,0,0,0,48,1,1,0.329724,0.511516
443,797717.000000,0,0,135,135,0,0,0,0,0,0,0,0,0,0,0,0,0,0,0,0,0,0,0,0,48,1,1,0.329724,0.511516
444,797717.000000,0,0,135,135,0,0,0,0,0,0,0,0,0,0,0,0,0,0,0,0,0,0,0,0,48,1,1,0.329724,0.511516
445,797717.000000,0,0,135,135,0,0,0,0,0,0,0,0,0,0,0,0,0,0,0,0,0,0,0,0,48,1,1,0.329724,0.511516
446,797717.000000,0,0,135,135,0,0,0,0,0,0,0,0,0,0,0,0,0,0,0,0,0,0,0,0,48,1,1,0.329724,0.511516
447,797717.000000,0,0,135,135,0,0,0,0,0,0,0,0,0,0,0,0,0,0,0,0,0,0,0,0,48,1,1,0.329724,0.511516
448,797717.000000,0,0,135,135,0,0,0,0,0,0,0,0,0,0,0,0,0,0,0,0,0,0,0,0,48,1,1,0.329724,0.511516
449,797717.000000,0,0,135,135,0,0,0,0,0,0,0,0,0,0,0,0,0,0,0,0,0,0,0,0,48,1,1,0.329724,0.511516
450,797717.000000,0,0,135,135,0,0,0,0,0,0,0,0,0,0,0,0,0,0,0,0,0,0,0,0,48,1,1,0.329724,0.511516
451,797717.000000,0,0,135,135,0,0,0,0,0,0,0,0,0,0,0,0,0,0,0,0,0,0,0,0,48,1,1,0.329724,0.511516
452,797717.000000,0,0,135,135,0,0,0,0,0,0,0,0,0,0,0,0,0,0,0,0,0,0,0,0,48,1,1,0.329724,0.511516
453,797717.000000,0,0,135,135,0,0,0,0,0,0,0,0,0,0,0,0,0,0,0,0,0,0,0,0,48,1,1,0.329724,0.511516
454,797717.000000,0,0,135,135,0,0,0,0,0,0,0,0,0,0,0,0,0,0,0,0,0,0,0,0,48,1,1,0.329724,0.511516
455,797717.000000,0,0,135,135,0,0,0,0,0,0,0,0,0,0,0,0,0,0,0,0,0,0,0,0,48,1,1,0.329724,0.511516
456,797717.000000,0,0,135,135,0,0,0,0,0,0,0,0,0,0,0,0,0,0,0,0,0,0,0,0,48,1,1,0.329724,0.511516
457,797717.000000,0,0,135,135,0,0,0,0,0,0,0,0,0,0,0,0,0,0,0,0,0,0,0,0,48,1,1,0.329724,0.511516
458,797717.000000,0,0,135,135,0,0,0,0,0,0,0,0,0,0,0,0,0,0,0,0,0,0,0,0,48,1,1,0.329724,0.511516
459,797717.000000,0,0,135,135,0,0,0,0,0,0,0,0,0,0,0,0,0,0,0,0,0,0,0,0,48,1,1,0.329724,0.511516
460,797717.000000,0,0,135,135,0,0,0,0,0,0,0,0,0,0,0,0,0,0,0,0,0,0,0,0,48,1,1,0.329724,0.511516
461,797717.000000,0,0,135,135,0,0,0,0,0,0,0,0,0,0,0,0,0,0,0,0,0,0,0,0,48,1,1,0.329724,0.511516
462,797717.000000,0,0,135,135,0,0,0,0,0,0,0,0,0,0,0,0,0,0,0,0,0,0,0,0,48,1,1,0.329724,0.511516
463,797717.000000,0,0,135,135,0,0,0,0,0,0,0,0,0,0,0,0,0,0,0,0,0,0,0,0,48,1,1,0.329724,0.511516
464,797717.000000,0,0,135,135,0,0,0,0,0,0,0,0,0,0,0,0,0,0,0,0,0,0,0,0,48,1,1,0.329724,0.511516
465,797717.000000,0,0,135,135,0,0,0,0,0,0,0,0,0,0,0,0,0,0,0,0,0,0,0,0,48,1,1,0.329724,0.511516
466,797717.000000,0,0,135,135,0,0,0,0,0,0,0,0,0,0,0,0,0,0,0,0,0,0,0,0,48,1,1,0.329724,0.511516
467,797717.000000,0,0,135,135,0,0,0,0,0,0,0,0,0,0,0,0,0,0,0,0,0,0,0,0,48,1,1,0.329724,0.511516
468,797717.000000,0,0,135,135,0,0,0,0,0,0,0,0,0,0,0,0,0,0,0,0,0,0,0,0,48,1,1,0.329724,0.511516
469,797717.000000,0,0,135,135,0,0,0,0,0,0,0,0,0,0,0,0,0,0,0,0,0,0,0,0,48,1,1,0.329724,0.511516
470,797717.000000,0,0,135,135,0,0,0,0,0,0,0,0,0,0,0,0,0,0,0,0,0,0,0,0,48,1,1,0.329724,0.511516
471,797717.000000,0,0,135,135,0,0,0,0,0,0,0,0,0,0,0,0,0,0,0,0,0,0,0,0,48,1,1,0.329724,0.511516
472,797717.000000,0,0,135,135,0,0,0,0,0,0,0,0,0,0,0,0,0,0,0,0,0,0,0,0,48,1,1,0.329724,0.511516
473,797717.000000,0,0,135,135,0,0,0,0,0,0,0,0,0,0,0,0,0,0,0,0,0,0,0,0,48,1,1,0.329724,0.511516
474,797717.000000,0,0,135,135,0,0,0,0,0,0,0,0,0,0,0,0,0,0,0,0,0,0,0,0,48,1,1,0.329724,0.511516
475,797717.000000,0,0,135,135,0,0,0,0,0,0,0,0,0,0,0,0,0,0,0,0,0,0,0,0,48,1,1,0.329724,0.511516
476,797717.000000,0,0,135,135,0,0,0,0,0,0,0,0,0,0,0,0,0,0,0,0,0,0,0,0,48,1,1,0.329724,0.511516
477,797717.000000,0,0,135,135,0,0,0,0,0,0,0,0,0,0,0,0,0,0,0,0,0,0,0,0,48,1,1,0.329724,0.511516
478,797717.000000,0,0,135,135,0,0,0,0,0,0,0,0,0,0,0,0,0,0,0,0,0,0,0,0,48,1,1,0.329724,0.511516
479,797717.000000,0,0,135,135,0,0,0,0,0,0,0,0,0,0,0,0,0,0,0,0,0,0,0,0,48,1,1,0.329724,0.511516
480,797717.000000,0,0,135,135,0,0,0,0,0,0,0,0,0,0,0,0,0,0,0,0,0,0,0,0,48,1,1,0.329724,0.511516
481,797717.000000,0,0,135,135,0,0,0,0,0,0,0,0,0,0,0,0,0,0,0,0,0,0,0,0,48,1,1,0.329724,0.511516
482,797717.000000,0,0,135,135,0,0,0,0,0,0,0,0,0,0,0,0,0,0,0,0,0,0,0,0,48,1,1,0.329724,0.511516
483,797717.000000,0,0,135,135,0,0,0,0,0,0,0,0,0,0,0,0,0,0,0,0,0,0,0,0,48,1,1,0.329724,0.511516
484,797717.000000,0,0,135,135,0,0,0,0,0,0,0,0,0,0,0,0,0,0,0,0,0,0,0,0,48,1,1,0.329724,0.511516
485,797717.000000,0,0,135,135,0,0,0,0,0,0,0,0,0,0,0,0,0,0,0,0,0,0,0,0,48,1,1,0.329724,0.511516
486,797717.000000,0,0,135,135,0,0,0,0,0,0,0,0,0,0,0,0,0,0,0,0,0,0,0,0,48,1,1,0.329724,0.511516
487,797717.000000,0,0,135,135,0,0,0,0,0,0,0,0,0,0,0,0,0,0,0,0,0,0,0,0,48,1,1,0.329724,0.511516
488,797717.000000,0,0,135,135,0,0,0,0,0,0,0,0,0,0,0,0,0,0,0,0,0,0,0,0,48,1,1,0.329724,0.511516
489,797717.000000,0,0,135,135,0,0,0,0,0,0,0,0,0,0,0,0,0,0,0,0,0,0,0,0,48,1,1,0.329724,0.511516
490,797717.000000,0,0,135,135,0,0,0,0,0,0,0,0,0,0,0,0,0,0,0,0,0,0,0,0,48,1,1,0.329724,0.511516
491,797717.000000,0,0,135,135,0,0,0,0,0,0,0,0,0,0,0,0,0,0,0,0,0,0,0,0,48,1,1,0.329724,0.511516
492,797717.000000,0,0,135,135,0,0,0,0,0,0,0,0,0,0,0,0,0,0,0,0,0,0,0,0,48,1,1,0.329724,0.511516
493,797717.000000,0,0,135,135,0,0,0,0,0,0,0,0,0,0,0,0,0,0,0,0,0,0,0,0,48,1,1,0.329724,0.511516
494,797717.000000,0,0,135,135,0,0,0,0,0,0,0,0,0,0,0,0,0,0,0,0,0,0,0,0,48,1,1,0.329724,0.511516
495,797717.000000,0,0,135,135,0,0,0,0,0,0,0,0,0,0,0,0,0,0,0,0,0,0,0,0,48,1,1,0.329724,0.511516
496,797717.000000,0,0,135,135,0,0,0,0,0,0,0,0,0,0,0,0,0,0,0,0,0,0,0,0,48,1,1,0.329724,0.511516
497,797717.000000,0,0,135,135,0,0,0,0,0,0,0,0,0,0,0,0,0,0,0,0,0,0,0,0,48,1,1,0.329724,0.511516
498,797717.000000,0,0,135,135,0,0,0,0,0,0,0,0,0,0,0,0,0,0,0,0,0,0,0,0,48,1,1,0.329724,0.511516
499,797717.000000,0,0,135,135,0,0,0,0,0,0,0,0,0,0,0,0,0,0,0,0,0,0,0,0,48,1,1,0.329724,0.511516
500,797717.000000,0,0,135,135,0,0,0,0,0,0,0,0,0,0,0,0,0,0,0,0,0,0,0,0,48,1,1,0.329724,0.511516
501,797717.000000,0,0,135,135,0,0,0,0,0,0,0,0,0,0,0,0,0,0,0,0,0,0,0,0,48,1,1,0.329724,0.511516
502,797717.000000,0,0,135,135,0,0,0,0,0,0,0,0,0,0,0,0,0,0,0,0,0,0,0,0,48,1,1,0.329724,0.511516
503,797717.000000,0,0,135,135,0,0,0,0,0,0,0,0,0,0,0,0,0,0,0,0,0,0,0,0,48,1,1,0.329724,0.511516
504,797717.000000,0,0,135,135,0,0,0,0,0,0,0,0,0,0,0,0,0,0,0,0,0,0,0,0,48,1,1,0.329724,0.511516
505,797717.000000,0,0,135,135,0,0,0,0,0,0,0,0,0,0,0,0,0,0,0,0,0,0,0,0,48,1,1,0.329724,0.511516
506,797717.000000,0,0,135,135,0,0,0,0,0,0,0,0,0,0,0,0,0,0,0,0,0,0,0,0,48,1,1,0.329724,0.511516
507,797717.000000,0,0,135,135,0,0,0,0,0,0,0,0,0,0,0,0,0,0,0,0,0,0,0,0,48,1,1,0.329724,0.511516
508,797717.000000,0,0,135,135,0,0,0,0,0,0,0,0,0,0,0,0,0,0,0,0,0,0,0,0,48,1,1,0.329724,0.511516
509,797717.000000,0,0,135,135,0,0,0,0,0,0,0,0,0,0,0,0,0,0,0,0,0,0,0,0,48,1,1,0.329724,0.511516
510,797717.000000,0,0,135,135,0,0,0,0,0,0,0,0,0,0,0,0,0,0,0,0,0,0,0,0,48,1,1,0.329724,0.511516
511,797717.000000,0,0,135,135,0,0,0,0,0,0,0,0,0,0,0,0,0,0,0,0,0,0,0,0,48,1,1,0.329724,0.511516
512,797717.000000,0,0,135,135,0,0,0,0,0,0,0,0,0,0,0,0,0,0,0,0,0,0,0,0,48,1,1,0.329724,0.511516
513,797717.000000,0,0,135,135,0,0,0,0,0,0,0,0,0,0,0,0,0,0,0,0,0,0,0,0,48,1,1,0.329724,0.511516
514,797717.000000,0,0,135,135,0,0,0,0,0,0,0,0,0,0,0,0,0,0,0,0,0,0,0,0,48,1,1,0.329724,0.511516
515,797717.000000,0,0,135,135,0,0,0,0,0,0,0,0,0,0,0,0,0,0,0,0,0,0,0,0,48,1,1,0.329724,0.511516
516,797717.000000,0,0,135,135,0,0,0,0,0,0,0,0,0,0,0,0,0,0,0,0,0,0,0,0,48,1,1,0.329724,0.511516
517,797717.000000,0,0,135,135,0,0,0,0,0,0,0,0,0,0,0,0,0,0,0,0,0,0,0,0,48,1,1,0.329724,0.511516
518,797717.000000,0,0,135,135,0,0,0,0,0,0,0,0,0,0,0,0,0,0,0,0,0,0,0,0,48,1,1,0.329724,0.511516
519,797717.000000,0,0,135,135,0,0,0,0,0,0,0,0,0,0,0,0,0,0,0,0,0,0,0,0,48,1,1,0.329724,0.511516
520,797717.000000,0,0,135,135,0,0,0,0,0,0,0,0,0,0,0,0,0,0,0,0,0,0,0,0,48,1,1,0.329724,0.511516
521,797717.000000,0,0,135,135,0,0,0,0,0,0,0,0,0,0,0,0,0,0,0,0,0,0,0,0,48,1,1,0.329724,0.511516
522,797717.000000,0,0,135,135,0,0,0,0,0,0,0,0,0,0,0,0,0,0,0,0,0,0,0,0,48,1,1,0.329724,0.511516
523,797717.000000,0,0,135,135,0,0,0,0,0,0,0,0,0,0,0,0,0,0,0,0,0,0,0,0,48,1,1,0.329724,0.511516
524,797717.000000,0,0,135,135,0,0,0,0,0,0,0,0,0,0,0,0,0,0,0,0,0,0,0,0,48,1,1,0.329724,0.511516
525,797717.000000,0,0,135,135,0,0,0,0,0,0,0,0,0,0,0,0,0,0,0,0,0,0,0,0,48,1,1,0.329724,0.511516
526,797717.000000,0,0,135,135,0,0,0,0,0,0,0,0,0,0,0,0,0,0,0,0,0,0,0,0,48,1,1,0.329724,0.511516
527,797717.000000,0,0,135,135,0,0,0,0,0,0,0,0,0,0,0,0,0,0,0,0,0,0,0,0,48,1,1,0.329724,0.511516
528,797717.000000,0,0,135,135,0,0,0,0,0,0,0,0,0,0,0,0,0,0,0,0,0,0,0,0,48,1,1,0.329724,0.511516
529,797717.000000,0,0,135,135,0,0,0,0,0,0,0,0,0,0,0,0,0,0,0,0,0,0,0,0,48,1,1,0.329724,0.511516
530,797717.000000,0,0,135,135,0,0,0,0,0,0,0,0,0,0,0,0,0,0,0,0,0,0,0,0,48,1,1,0.329724,0.511516
531,797717.000000,0,0,135,135,0,0,0,0,0,0,0,0,0,0,0,0,0,0,0,0,0,0,0,0,48,1,1,0.329724,0.511516
532,797717.000000,0,0,135,135,0,0,0,0,0,0,0,0,0,0,0,0,0,0,0,0,0,0,0,0,48,1,1,0.329724,0.511516
533,797717.000000,0,0,135,135,0,0,0,0,0,0,0,0,0,0,0,0,0,0,0,0,0,0,0,0,48,1,1,0.329724,0.511516
534,797717.000000,0,0,135,135,0,0,0,0,0,0,0,0,0,0,0,0,0,0,0,0,0,0,0,0,48,1,1,0.329724,0.511516
535,797717.000000,0,0,135,135,0,0,0,0,0,0,0,0,0,0,0,0,0,0,0,0,0,0,0,0,48,1,1,0.329724,0.511516
536,797717.000000,0,0,135,135,0,0,0,0,0,0,0,0,0,0,0,0,0,0,0,0,0,0,0,0,48,1,1,0.329724,0.511516
537,797717.000000,0,0,135,135,0,0,0,0,0,0,0,0,0,0,0,0,0,0,0,0,0,0,0,0,48,1,1,0.329724,0.511516
538,797717.000000,0,0,135,135,0,0,0,0,0,0,0,0,0,0,0,0,0,0,0,0,0,0,0,0,48,1,1,0.329724,0.511516
539,797717.000000,0,0,135,135,0,0,0,0,0,0,0,0,0,0,0,0,0,0,0,0,0,0,0,0,48,1,1,0.329724,0.511516
540,797717.000000,0,0,135,135,0,0,0,0,0,0,0,0,0,0,0,0,0,0,0,0,0,0,0,0,48,1,1,0.329724,0.511516
541,797717.000000,0,0,135,135,0,0,0,0,0,0,0,0,0,0,0,0,0,0,0,0,0,0,0,0,48,1,1,0.329724,0.511516
542,797717.000000,0,0,135,135,0,0,0,0,0,0,0,0,0,0,0,0,0,0,0,0,0,0,0,0,48,1,1,0.329724,0.511516
543,797717.000000,0,0,135,135,0,0,0,0,0,0,0,0,0,0,0,0,0,0,0,0,0,0,0,0,48,1,1,0.329724,0.511516
544,797717.000000,0,0,135,135,0,0,0,0,0,0,0,0,0,0,0,0,0,0,0,0,0,0,0,0,48,1,1,0.329724,0.511516
545,797717.000000,0,0,135,135,0,0,0,0,0,0,0,0,0,0,0,0,0,0,0,0,0,0,0,0,48,1,1,0.329724,0.511516
546,797717.000000,0,0,135,135,0,0,0,0,0,0,0,0,0,0,0,0,0,0,0,0,0,0,0,0,48,1,1,0.329724,0.511516
547,797717.000000,0,0,135,135,0,0,0,0,0,0,0,0,0,0,0,0,0,0,0,0,0,0,0,0,48,1,1,0.329724,0.511516
548,797717.000000,0,0,135,135,0,0,0,0,0,0,0,0,0,0,0,0,0,0,0,0,0,0,0,0,48,1,1,0.329724,0.511516
549,797717.000000,0,0,135,135,0,0,0,0,0,0,0,0,0,0,0,0,0,0,0,0,0,0,0,0,48,1,1,0.329724,0.511516
550,797717.000000,0,0,135,135,0,0,0,0,0,0,0,0,0,0,0,0,0,0,0,0,0,0,0,0,48,1,1,0.329724,0.511516
551,797717.000000,0,0,135,135,0,0,0,0,0,0,0,0,0,0,0,0,0,0,0,0,0,0,0,0,48,1,1,0.329724,0.511516
552,797717.000000,0,0,135,135,0,0,0,0,0,0,0,0,0,0,0,0,0,0,0,0,0,0,0,0,48,1,1,0.329724,0.511516
553,797717.000000,0,0,135,135,0,0,0,0,0,0,0,0,0,0,0,0,0,0,0,0,0,0,0,0,48,1,1,0.329724,0.511516
554,797717.000000,0,0,135,135,0,0,0,0,0,0,0,0,0,0,0,0,0,0,0,0,0,0,0,0,48,1,1,0.329724,0.511516
555,797717.000000,0,0,135,135,0,0,0,0,0,0,0,0,0,0,0,0,0,0,0,0,0,0,0,0,48,1,1,0.329724,0.511516
556,797717.000000,0,0,135,135,0,0,0,0,0,0,0,0,0,0,0,0,0,0,0,0,0,0,0,0,48,1,1,0.329724,0.511516
557,797717.000000,0,0,135,135,0,0,0,0,0,0,0,0,0,0,0,0,0,0,0,0,0,0,0,0,48,1,1,0.329724,0.511516
558,797717.000000,0,0,135,135,0,0,0,0,0,0,0,0,0,0,0,0,0,0,0,0,0,0,0,0,48,1,1,0.329724,0.511516
559,797717.000000,0,0,135,135,0,0,0,0,0,0,0,0,0,0,0,0,0,0,0,0,0,0,0,0,48,1,1,0.329724,0.511516
560,797717.000000,0,0,135,135,0,0,0,0,0,0,0,0,0,0,0,0,0,0,0,0,0,0,0,0,48,1,1,0.329724,0.511516
561,797717.000000,0,0,135,135,0,0,0,0,0,0,0,0,0,0,0,0,0,0,0,0,0,0,0,0,48,1,1,0.329724,0.511516
562,797717.000000,0,0,135,135,0,0,0,0,0,0,0,0,0,0,0,0,0,0,0,0,0,0,0,0,48,1,1,0.329724,0.511516
563,797717.000000,0,0,135,135,0,0,0,0,0,0,0,0,0,0,0,0,0,0,0,0,0,0,0,0,48,1,1,0.329724,0.511516
564,797717.000000,0,0,135,135,0,0,0,0,0,0,0,0,0,0,0,0,0,0,0,0,0,0,0,0,48,1,1,0.329724,0.511516
565,797717.000000,0,0,135,135,0,0,0,0,0,0,0,0,0,0,0,0,0,0,0,0,0,0,0,0,48,1,1,0.329724,0.511516
566,797717.000000,0,0,135,135,0,0,0,0,0,0,0,0,0,0,0,0,0,0,0,0,0,0,0,0,48,1,1,0.329724,0.511516
567,797717.000000,0,0,135,135,0,0,0,0,0,0,0,0,0,0,0,0,0,0,0,0,0,0,0,0,48,1,1,0.329724,0.511516
568,797717.000000,0,0,135,135,0,0,0,0,0,0,0,0,0,0,0,0,0,0,0,0,0,0,0,0,48,1,1,0.329724,0.511516
569,797717.000000,0,0,135,135,0,0,0,0,0,0,0,0,0,0,0,0,0,0,0,0,0,0,0,0,48,1,1,0.329724,0.511516
570,797717.000000,0,0,135,135,0,0,0,0,0,0,0,0,0,0,0,0,0,0,0,0,0,0,0,0,48,1,1,0.329724,0.511516
571,797717.000000,0,0,135,135,0,0,0,0,0,0,0,0,0,0,0,0,0,0,0,0,0,0,0,0,48,1,1,0.329724,0.511516
572,797717.000000,0,0,135,135,0,0,0,0,0,0,0,0,0,0,0,0,0,0,0,0,0,0,0,0,48,1,1,0.329724,0.511516
573,797717.000000,0,0,135,135,0,0,0,0,0,0,0,0,0,0,0,0,0,0,0,0,0,0,0,0,48,1,1,0.329724,0.511516
574,797717.000000,0,0,135,135,0,0,0,0,0,0,0,0,0,0,0,0,0,0,0,0,0,0,0,0,48,1,1,0.329724,0.511516
575,797717.000000,0,0,135,135,0,0,0,0,0,0,0,0,0,0,0,0,0,0,0,0,0,0,0,0,48,1,1,0.329724,0.511516
576,797717.000000,0,0,135,135,0,0,0,0,0,0,0,0,0,0,0,0,0,0,0,0,0,0,0,0,48,1,1,0.329724,0.511516
577,797717.000000,0,0,135,135,0,0,0,0,0,0,0,0,0,0,0,0,0,0,0,0,0,0,0,0,48,1,1,0.329724,0.511516
578,797717.000000,0,0,135,135,0,0,0,0,0,0,0,0,0,0,0,0,0,0,0,0,0,0,0,0,48,1,1,0.329724,0.511516
579,797717.000000,0,0,135,135,0,0,0,0,0,0,0,0,0,0,0,0,0,0,0,0,0,0,0,0,48,1,1,0.329724,0.511516
580,797717.000000,0,0,135,135,0,0,0,0,0,0,0,0,0,0,0,0,0,0,0,0,0,0,0,0,48,1,1,0.329724,0.511516
581,797717.000000,0,0,135,135,0,0,0,0,0,0,0,0,0,0,0,0,0,0,0,0,0,0,0,0,48,1,1,0.329724,0.511516
582,797717.000000,0,0,135,135,0,0,0,0,0,0,0,0,0,0,0,0,0,0,0,0,0,0,0,0,48,1,1,0.329724,0.511516
583,797717.000000,0,0,135,135,0,0,0,0,0,0,0,0,0,0,0,0,0,0,0,0,0,0,0,0,48,1,1,0.329724,0.511516
584,797717.000000,0,0,135,135,0,0,0,0,0,0,0,0,0,0,0,0,0,0,0,0,0,0,0,0,48,1,1,0.329724,0.511516
585,797717.000000,0,0,135,135,0,0,0,0,0,0,0,0,0,0,0,0,0,0,0,0,0,0,0,0,48,1,1,0.329724,0.511516
586,797717.000000,0,0,135,135,0,0,0,0,0,0,0,0,0,0,0,0,0,0,0,0,0,0,0,0,48,1,1,0.329724,0.511516
587,797717.000000,0,0,135,135,0,0,0,0,0,0,0,0,0,0,0,0,0,0,0,0,0,0,0,0,48,1,1,0.329724,0.511516
588,797717.000000,0,0,135,135,0,0,0,0,0,0,0,0,0,0,0,0,0,0,0,0,0,0,0,0,48,1,1,0.329724,0.511516
589,797717.000000,0,0,135,135,0,0,0,0,0,0,0,0,0,0,0,0,0,0,0,0,0,0,0,0,48,1,1,0.329724,0.511516
590,797717.000000,0,0,135,135,0,0,0,0,0,0,0,0,0,0,0,0,0,0,0,0,0,0,0,0,48,1,1,0.329724,0.511516
591,797717.000000,0,0,135,135,0,0,0,0,0,0,0,0,0,0,0,0,0,0,0,0,0,0,0,0,48,1,1,0.329724,0.511516
592,797717.000000,0,0,135,135,0,0,0,0,0,0,0,0,0,0,0,0,0,0,0,0,0,0,0,0,48,1,1,0.329724,0.511516
593,797717.000000,0,0,135,135,0,0,0,0,0,0,0,0,0,0,0,0,0,0,0,0,0,0,0,0,48,1,1,0.329724,0.511516
594,797717.000000,0,0,135,135,0,0,0,0,0,0,0,0,0,0,0,0,0,0,0,0,0,0,0,0,48,1,1,0.329724,0.511516
595,797717.000000,0,0,135,135,0,0,0,0,0,0,0,0,0,0,0,0,0,0,0,0,0,0,0,0,48,1,1,0.329724,0.511516
596,797717.000000,0,0,135,135,0,0,0,0,0,0,0,0,0,0,0,0,0,0,0,0,0,0,0,0,48,1,1,0.329724,0.511516
597,797717.000000,0,0,135,135,0,0,0,0,0,0,0,0,0,0,0,0,0,0,0,0,0,0,0,0,48,1,1,0.329724,0.511516
598,797717.000000,0,0,135,135,0,0,0,0,0,0,0,0,0,0,0,0,0,0,0,0,0,0,0,0,48,1,1,0.329724,0.511516
599,797717.000000,0,0,135,135,0,0,0,0,0,0,0,0,0,0,0,0,0,0,0,0,0,0,0,0,48,1,1,0.329724,0.511516
600,797717.000000,0,0,135,135,0,0,0,0,0,0,0,0,0,0,0,0,0,0,0,0,0,0,0,0,48,1,1,0.329724,0.511516
601,797717.000000,0,0,135,135,0,0,0,0,0,0,0,0,0,0,0,0,0,0,0,0,0,0,0,0,48,1,1,0.329724,0.511516
602,797717.000000,0,0,135,135,0,0,0,0,0,0,0,0,0,0,0,0,0,0,0,0,0,0,0,0,48,1,1,0.329724,0.511516
603,797717.000000,0,0,135,135,0,0,0,0,0,0,0,0,0,0,0,0,0,0,0,0,0,0,0,0,48,1,1,0.329724,0.511516
604,797717.000000,0,0,135,135,0,0,0,0,0,0,0,0,0,0,0,0,0,0,0,0,0,0,0,0,48,1,1,0.329724,0.511516
605,797717.000000,0,0,135,135,0,0,0,0,0,0,0,0,0,0,0,0,0,0,0,0,0,0,0,0,48,1,1,0.329724,0.511516
606,797717.000000,0,0,135,135,0,0,0,0,0,0,0,0,0,0,0,0,0,0,0,0,0,0,0,0,48,1,1,0.329724,0.511516
607,797717.000000,0,0,135,135,0,0,0,0,0,0,0,0,0,0,0,0,0,0,0,0,0,0,0,0,48,1,1,0.329724,0.511516
608,797717.000000,0,0,135,135,0,0,0,0,0,0,0,0,0,0,0,0,0,0,0,0,0,0,0,0,48,1,1,0.329724,0.511516
609,797717.000000,0,0,135,135,0,0,0,0,0,0,0,0,0,0,0,0,0,0,0,0,0,0,0,0,48,1,1,0.329724,0.511516
610,797717.000000,0,0,135,135,0,0,0,0,0,0,0,0,0,0,0,0,0,0,0,0,0,0,0,0,48,1,1,0.329724,0.511516
611,797717.000000,0,0,135,135,0,0,0,0,0,0,0,0,0,0,0,0,0,0,0,0,0,0,0,0,48,1,1,0.329724,0.511516
612,797717.000000,0,0,135,135,0,0,0,0,0,0,0,0,0,0,0,0,0,0,0,0,0,0,0,0,48,1,1,0.329724,0.511516
613,797717.000000,0,0,135,135,0,0,0,0,0,0,0,0,0,0,0,0,0,0,0,0,0,0,0,0,48,1,1,0.329724,0.511516
614,797717.000000,0,0,135,135,0,0,0,0,0,0,0,0,0,0,0,0,0,0,0,0,0,0,0,0,48,1,1,0.329724,0.511516
615,797717.000000,0,0,135,135,0,0,0,0,0,0,0,0,0,0,0,0,0,0,0,0,0,0,0,0,48,1,1,0.329724,0.511516
616,797717.000000,0,0,135,135,0,0,0,0,0,0,0,0,0,0,0,0,0,0,0,0,0,0,0,0,48,1,1,0.329724,0.511516
617,797717.000000,0,0,135,135,0,0,0,0,0,0,0,0,0,0,0,0,0,0,0,0,0,0,0,0,48,1,1,0.329724,0.511516
618,797717.000000,0,0,135,135,0,0,0,0,0,0,0,0,0,0,0,0,0,0,0,0,0,0,0,0,48,1,1,0.329724,0.511516
619,797717.000000,0,0,135,135,0,0,0,0,0,0,0,0,0,0,0,0,0,0,0,0,0,0,0,0,48,1,1,0.329724,0.511516
620,797717.000000,0,0,135,135,0,0,0,0,0,0,0,0,0,0,0,0,0,0,0,0,0,0,0,0,48,1,1,0.329724,0.511516
621,797717.000000,0,0,135,135,0,0,0,0,0,0,0,0,0,0,0,0,0,0,0,0,0,0,0,0,48,1,1,0.329724,0.511516
622,797717.000000,0,0,135,135,0,0,0,0,0,0,0,0,0,0,0,0,0,0,0,0,0,0,0,0,48,1,1,0.329724,0.511516
623,797717.000000,0,0,135,135,0,0,0,0,0,0,0,0,0,0,0,0,0,0,0,0,0,0,0,0,48,1,1,0.329724,0.511516
624,797717.000000,0,0,135,135,0,0,0,0,0,0,0,0,0,0,0,0,0,0,0,0,0,0,0,0,48,1,1,0.329724,0.511516
625,797717.000000,0,0,135,135,0,0,0,0,0,0,0,0,0,0,0,0,0,0,0,0,0,0,0,0,48,1,1,0.329724,0.511516
626,797717.000000,0,0,135,135,0,0,0,0,0,0,0,0,0,0,0,0,0,0,0,0,0,0,0,0,48,1,1,0.329724,0.511516
627,797717.000000,0,0,135,135,0,0,0,0,0,0,0,0,0,0,0,0,0,0,0,0,0,0,0,0,48,1,1,0.329724,0.511516
628,797717.000000,0,0,135,135,0,0,0,0,0,0,0,0,0,0,0,0,0,0,0,0,0,0,0,0,48,1,1,0.329724,0.511516
629,797717.000000,0,0,135,135,0,0,0,0,0,0,0,0,0,0,0,0,0,0,0,0,0,0,0,0,48,1,1,0.329724,0.511516
630,797717.000000,0,0,135,135,0,0,0,0,0,0,0,0,0,0,0,0,0,0,0,0,0,0,0,0,48,1,1,0.329724,0.511516
631,797717.000000,0,0,135,135,0,0,0,0,0,0,0,0,0,0,0,0,0,0,0,0,0,0,0,0,48,1,1,0.329724,0.511516
632,797717.000000,0,0,135,135,0,0,0,0,0,0,0,0,0,0,0,0,0,0,0,0,0,0,0,0,48,1,1,0.329724,0.511516
633,797717.000000,0,0,135,135,0,0,0,0,0,0,0,0,0,0,0,0,0,0,0,0,0,0,0,0,48,1,1,0.329724,0.511516
634,797717.000000,0,0,135,135,0,0,0,0,0,0,0,0,0,0,0,0,0,0,0,0,0,0,0,0,48,1,1,0.329724,0.511516
635,797717.000000,0,0,135,135,0,0,0,0,0,0,0,0,0,0,0,0,0,0,0,0,0,0,0,0,48,1,1,0.329724,0.511516
636,797717.000000,0,0,135,135,0,0,0,0,0,0,0,0,0,0,0,0,0,0,0,0,0,0,0,0,48,1,1,0.329724,0.511516
637,797717.000000,0,0,135,135,0,0,0,0,0,0,0,0,0,0,0,0,0,0,0,0,0,0,0,0,48,1,1,0.329724,0.511516
638,797717.000000,0,0,135,135,0,0,0,0,0,0,0,0,0,0,0,0,0,0,0,0,0,0,0,0,48,1,1,0.329724,0.511516
639,797717.000000,0,0,135,135,0,0,0,0,0,0,0,0,0,0,0,0,0,0,0,0,0,0,0,0,48,1,1,0.329724,0.511516
640,797717.000000,0,0,135,135,0,0,0,0,0,0,0,0,0,0,0,0,0,0,0,0,0,0,0,0,48,1,1,0.329724,0.511516
641,797717.000000,0,0,135,135,0,0,0,0,0,0,0,0,0,0,0,0,0,0,0,0,0,0,0,0,48,1,1,0.329724,0.511516
642,797717.000000,0,0,135,135,0,0,0,0,0,0,0,0,0,0,0,0,0,0,0,0,0,0,0,0,48,1,1,0.329724,0.511516
643,797717.000000,0,0,135,135,0,0,0,0,0,0,0,0,0,0,0,0,0,0,0,0,0,0,0,0,48,1,1,0.329724,0.511516
644,797717.000000,0,0,135,135,0,0,0,0,0,0,0,0,0,0,0,0,0,0,0,0,0,0,0,0,48,1,1,0.329724,0.511516
645,797717.000000,0,0,135,135,0,0,0,0,0,0,0,0,0,0,0,0,0,0,0,0,0,0,0,0,48,1,1,0.329724,0.511516
646,797717.000000,0,0,135,135,0,0,0,0,0,0,0,0,0,0,0,0,0,0,0,0,0,0,0,0,48,1,1,0.329724,0.511516
647,797717.000000,0,0,135,135,0,0,0,0,0,0,0,0,0,0,0,0,0,0,0,0,0,0,0,0,48,1,1,0.329724,0.511516
648,797717.000000,0,0,135,135,0,0,0,0,0,0,0,0,0,0,0,0,0,0,0,0,0,0,0,0,48,1,1,0.329724,0.511516
649,797717.000000,0,0,135,135,0,0,0,0,0,0,0,0,0,0,0,0,0,0,0,0,0,0,0,0,48,1,1,0.329724,0.511516
650,797717.000000,0,0,135,135,0,0,0,0,0,0,0,0,0,0,0,0,0,0,0,0,0,0,0,0,48,1,1,0.329724,0.511516
651,797717.000000,0,0,135,135,0,0,0,0,0,0,0,0,0,0,0,0,0,0,0,0,0,0,0,0,48,1,1,0.329724,0.511516
652,797717.000000,0,0,135,135,0,0,0,0,0,0,0,0,0,0,0,0,0,0,0,0,0,0,0,0,48,1,1,0.329724,0.511516
653,797717.000000,0,0,135,135,0,0,0,0,0,0,0,0,0,0,0,0,0,0,0,0,0,0,0,0,48,1,1,0.329724,0.511516
654,797717.000000,0,0,135,135,0,0,0,0,0,0,0,0,0,0,0,0,0,0,0,0,0,0,0,0,48,1,1,0.329724,0.511516
655,797717.000000,0,0,135,135,0,0,0,0,0,0,0,0,0,0,0,0,0,0,0,0,0,0,0,0,48,1,1,0.329724,0.511516
656,797717.000000,0,0,135,135,0,0,0,0,0,0,0,0,0,0,0,0,0,0,0,0,0,0,0,0,48,1,1,0.329724,0.511516
657,797717.000000,0,0,135,135,0,0,0,0,0,0,0,0,0,0,0,0,0,0,0,0,0,0,0,0,48,1,1,0.329724,0.511516
658,797717.000000,0,0,135,135,0,0,0,0,0,0,0,0,0,0,0,0,0,0,0,0,0,0,0,0,48,1,1,0.329724,0.511516
659,797717.000000,0,0,135,135,0,0,0,0,0,0,0,0,0,0,0,0,0,0,0,0,0,0,0,0,48,1,1,0.329724,0.511516
660,797717.000000,0,0,135,135,0,0,0,0,0,0,0,0,0,0,0,0,0,0,0,0,0,0,0,0,48,1,1,0.329724,0.511516
661,797717.000000,0,0,135,135,0,0,0,0,0,0,0,0,0,0,0,0,0,0,0,0,0,0,0,0,48,1,1,0.329724,0.511516
662,797717.000000,0,0,135,135,0,0,0,0,0,0,0,0,0,0,0,0,0,0,0,0,0,0,0,0,48,1,1,0.329724,0.511516
663,797717.000000,0,0,135,135,0,0,0,0,0,0,0,0,0,0,0,0,0,0,0,0,0,0,0,0,48,1,1,0.329724,0.511516
664,797717.000000,0,0,135,135,0,0,0,0,0,0,0,0,0,0,0,0,0,0,0,0,0,0,0,0,48,1,1,0.329724,0.511516
665,797717.000000,0,0,135,135,0,0,0,0,0,0,0,0,0,0,0,0,0,0,0,0,0,0,0,0,48,1,1,0.329724,0.511516
666,797717.000000,0,0,135,135,0,0,0,0,0,0,0,0,0,0,0,0,0,0,0,0,0,0,0,0,48,1,1,0.329724,0.511516
667,797717.000000,0,0,135,135,0,0,0,0,0,0,0,0,0,0,0,0,0,0,0,0,0,0,0,0,48,1,1,0.329724,0.511516
668,797717.000000,0,0,135,135,0,0,0,0,0,0,0,0,0,0,0,0,0,0,0,0,0,0,0,0,48,1,1,0.329724,0.511516
669,797717.000000,0,0,135,135,0,0,0,0,0,0,0,0,0,0,0,0,0,0,0,0,0,0,0,0,48,1,1,0.329724,0.511516
670,797717.000000,0,0,135,135,0,0,0,0,0,0,0,0,0,0,0,0,0,0,0,0,0,0,0,0,48,1,1,0.329724,0.511516
671,797717.000000,0,0,135,135,0,0,0,0,0,0,0,0,0,0,0,0,0,0,0,0,0,0,0,0,48,1,1,0.329724,0.511516
672,797717.000000,0,0,135,135,0,0,0,0,0,0,0,0,0,0,0,0,0,0,0,0,0,0,0,0,48,1,1,0.329724,0.511516
673,797717.000000,0,0,135,135,0,0,0,0,0,0,0,0,0,0,0,0,0,0,0,0,0,0,0,0,48,1,1,0.329724,0.511516
674,797717.000000,0,0,135,135,0,0,0,0,0,0,0,0,0,0,0,0,0,0,0,0,0,0,0,0,48,1,1,0.329724,0.511516
675,797717.000000,0,0,135,135,0,0,0,0,0,0,0,0,0,0,0,0,0,0,0,0,0,0,0,0,48,1,1,0.329724,0.511516
676,797717.000000,0,0,135,135,0,0,0,0,0,0,0,0,0,0,0,0,0,0,0,0,0,0,0,0,48,1,1,0.329724,0.511516
677,797717.000000,0,0,135,135,0,0,0,0,0,0,0,0,0,0,0,0,0,0,0,0,0,0,0,0,48,1,1,0.329724,0.511516
678,797717.000000,0,0,135,135,0,0,0,0,0,0,0,0,0,0,0,0,0,0,0,0,0,0,0,0,48,1,1,0.329724,0.511516
679,797717.000000,0,0,135,135,0,0,0,0,0,0,0,0,0,0,0,0,0,0,0,0,0,0,0,0,48,1,1,0.329724,0.511516
680,797717.000000,0,0,135,135,0,0,0,0,0,0,0,0,0,0,0,0,0,0,0,0,0,0,0,0,48,1,1,0.329724,0.511516
681,797717.000000,0,0,135,135,0,0,0,0,0,0,0,0,0,0,0,0,0,0,0,0,0,0,0,0,48,1,1,0.329724,0.511516
682,797717.000000,0,0,135,135,0,0,0,0,0,0,0,0,0,0,0,0,0,0,0,0,0,0,0,0,48,1,1,0.329724,0.511516
683,797717.000000,0,0,135,135,0,0,0,0,0,0,0,0,0,0,0,0,0,0,0,0,0,0,0,0,48,1,1,0.329724,0.511516
684,797717.000000,0,0,135,135,0,0,0,0,0,0,0,0,0,0,0,0,0,0,0,0,0,0,0,0,48,1,1,0.329724,0.511516
685,797717.000000,0,0,135,135,0,0,0,0,0,0,0,0,0,0,0,0,0,0,0,0,0,0,0,0,48,1,1,0.329724,0.511516
686,797717.000000,0,0,135,135,0,0,0,0,0,0,0,0,0,0,0,0,0,0,0,0,0,0,0,0,48,1,1,0.329724,0.511516
687,797717.000000,0,0,135,135,0,0,0,0,0,0,0,0,0,0,0,0,0,0,0,0,0,0,0,0,48,1,1,0.329724,0.511516
688,797717.000000,0,0,135,135,0,0,0,0,0,0,0,0,0,0,0,0,0,0,0,0,0,0,0,0,48,1,1,0.329724,0.511516
689,797717.000000,0,0,135,135,0,0,0,0,0,0,0,0,0,0,0,0,0,0,0,0,0,0,0,0,48,1,1,0.329724,0.511516
690,797717.000000,0,0,135,135,0,0,0,0,0,0,0,0,0,0,0,0,0,0,0,0,0,0,0,0,48,1,1,0.329724,0.511516
691,797717.000000,0,0,135,135,0,0,0,0,0,0,0,0,0,0,0,0,0,0,0,0,0,0,0,0,48,1,1,0.329724,0.511516
692,797717.000000,0,0,135,135,0,0,0,0,0,0,0,0,0,0,0,0,0,0,0,0,0,0,0,0,48,1,1,0.329724,0.511516
693,797717.000000,0,0,135,135,0,0,0,0,0,0,0,0,0,0,0,0,0,0,0,0,0,0,0,0,48,1,1,0.329724,0.511516
694,797717.000000,0,0,135,135,0,0,0,0,0,0,0,0,0,0,0,0,0,0,0,0,0,0,0,0,48,1,1,0.329724,0.511516
695,797717.000000,0,0,135,135,0,0,0,0,0,0,0,0,0,0,0,0,0,0,0,0,0,0,0,0,48,1,1,0.329724,0.511516
696,797717.000000,0,0,135,135,0,0,0,0,0,0,0,0,0,0,0,0,0,0,0,0,0,0,0,0,48,1,1,0.329724,0.511516
697,797717.000000,0,0,135,135,0,0,0,0,0,0,0,0,0,0,0,0,0,0,0,0,0,0,0,0,48,1,1,0.329724,0.511516
698,797717.000000,0,0,135,135,0,0,0,0,0,0,0,0,0,0,0,0,0,0,0,0,0,0,0,0,48,1,1,0.329724,0.511516
699,797717.000000,0,0,135,135,0,0,0,0,0,0,0,0,0,0,0,0,0,0,0,0,0,0,0,0,48,1,1,0.329724,0.511516
700,797717.000000,0,0,135,135,0,0,0,0,0,0,0,0,0,0,0,0,0,0,0,0,0,0,0,0,48,1,1,0.329724,0.511516
701,797717.000000,0,0,135,135,0,0,0,0,0,0,0,0,0,0,0,0,0,0,0,0,0,0,0,0,48,1,1,0.329724,0.511516
702,797717.000000,0,0,135,135,0,0,0,0,0,0,0,0,0,0,0,0,0,0,0,0,0,0,0,0,48,1,1,0.329724,0.511516
703,797717.000000,0,0,135,135,0,0,0,0,0,0,0,0,0,0,0,0,0,0,0,0,0,0,0,0,48,1,1,0.329724,0.511516
704,797717.000000,0,0,135,135,0,0,0,0,0,0,0,0,0,0,0,0,0,0,0,0,0,0,0,0,48,1,1,0.329724,0.511516
705,797717.000000,0,0,135,135,0,0,0,0,0,0,0,0,0,0,0,0,0,0,0,0,0,0,0,0,48,1,1,0.329724,0.511516
706,797717.000000,0,0,135,135,0,0,0,0,0,0,0,0,0,0,0,0,0,0,0,0,0,0,0,0,48,1,1,0.329724,0.511516
707,797717.000000,0,0,135,135,0,0,0,0,0,0,0,0,0,0,0,0,0,0,0,0,0,0,0,0,48,1,1,0.329724,0.511516
708,797717.000000,0,0,135,135,0,0,0,0,0,0,0,0,0,0,0,0,0,0,0,0,0,0,0,0,48,1,1,0.329724,0.511516
709,797717.000000,0,0,135,135,0,0,0,0,0,0,0,0,0,0,0,0,0,0,0,0,0,0,0,0,48,1,1,0.329724,0.511516
710,797717.000000,0,0,135,135,0,0,0,0,0,0,0,0,0,0,0,0,0,0,0,0,0,0,0,0,48,1,1,0.329724,0.511516
711,797717.000000,0,0,135,135,0,0,0,0,0,0,0,0,0,0,0,0,0,0,0,0,0,0,0,0,48,1,1,0.329724,0.511516
712,797717.000000,0,0,135,135,0,0,0,0,0,0,0,0,0,0,0,0,0,0,0,0,0,0,0,0,48,1,1,0.329724,0.511516
713,797717.000000,0,0,135,135,0,0,0,0,0,0,0,0,0,0,0,0,0,0,0,0,0,0,0,0,48,1,1,0.329724,0.511516
714,797717.000000,0,0,135,135,0,0,0,0,0,0,0,0,0,0,0,0,0,0,0,0,0,0,0,0,48,1,1,0.329724,0.511516
715,797717.000000,0,0,135,135,0,0,0,0,0,0,0,0,0,0,0,0,0,0,0,0,0,0,0,0,48,1,1,0.329724,0.511516
716,797717.000000,0,0,135,135,0,0,0,0,0,0,0,0,0,0,0,0,0,0,0,0,0,0,0,0,48,1,1,0.329724,0.511516
717,797717.000000,0,0,135,135,0,0,0,0,0,0,0,0,0,0,0,0,0,0,0,0,0,0,0,0,48,1,1,0.329724,0.511516
718,797717.000000,0,0,135,135,0,0,0,0,0,0,0,0,0,0,0,0,0,0,0,0,0,0,0,0,48,1,1,0.329724,0.511516
719,797717.000000,0,0,135,135,0,0,0,0,0,0,0,0,0,0,0,0,0,0,0,0,0,0,0,0,48,1,1,0.329724,0.511516
720,797717.000000,0,0,135,135,0,0,0,0,0,0,0,0,0,0,0,0,0,0,0,0,0,0,0,0,48,1,1,0.329724,0.511516
