t,S,L,I,R,D,incI,incR,incFC,incFI,incC,incDC,incD,incDD,incSDB,incTC,incETU,incH,incCT,incCC,cumT,cumTP,cumV,capV,cumVG,capVG,nBeds,Extinct,Detected,rmsRad,maxRad
0,797986.000000,1,0,0,0,1,0,0,0,0,0,0,0,0,0,0,0,0,0,0,0,0,0,0,0,0,0,0,0,0
1,797986.000000,1,0,0,0,0,0,0,0,0,0,0,0,0,0,0,0,0,0,0,0,0,0,0,0,0,0,0,0,0
2,797986.000000,1,0,0,0,0,0,0,0,0,0,0,0,0,0,0,0,0,0,0,0,0,0,0,0,0,0,0,0,0
3,797986.000000,1,0,0,0,0,0,0,0,0,0,0,0,0,0,0,0,0,0,0,0,0,0,0,0,0,0,0,0,0
4,797986.000000,1,0,0,0,0,0,0,0,0,0,0,0,0,0,0,0,0,0,0,0,0,0,0,0,0,0,0,0,0
5,797986.000000,1,0,0,0,0,0,0,0,0,0,0,0,0,0,0,0,0,0,0,0,0,0,0,0,0,0,0,0,0
6,797986.000000,1,0,0,0,0,0,0,0,0,0,0,0,0,0,0,0,0,0,0,0,0,0,0,0,0,0,0,0,0
7,797986.000000,0,1,0,0,0,0,0,0,0,0,0,0,0,0,0,0,0,0,0,0,0,0,0,0,0,0,0,0,0
8,797986.000000,0,1,0,0,0,0,0,0,1,0,0,0,0,0,0,0,0,0,0,0,0,0,0,0,0,0,0,0,0
9,797985.000000,1,1,0,0,1,0,0,0,0,0,0,0,0,0,0,0,0,0,0,0,0,0,0,0,0,0,0,0,0
10,797983.000000,3,1,0,0,2,0,0,0,0,0,0,0,0,0,0,0,0,0,0,0,0,0,0,0,0,0,0,0.00991428,0.0198286
11,797981.000000,5,1,0,0,2,0,0,0,0,0,0,0,0,0,0,0,0,0,0,0,0,0,0,0,0,0,0,0.013024,0.0226743
12,797978.000000,8,1,0,0,3,0,0,0,0,0,0,0,0,0,0,1,0,0,0,0,0,0,0,0,0,0,0,0.0135085,0.0226743
13,797977.000000,9,1,0,0,1,0,0,0,0,0,0,0,0,0,0,0,0,0,0,0,0,0,0,0,0,0,0,0.108432,0.340489
14,797975.000000,11,1,0,0,2,0,0,0,0,1,0,0,0,0,0,0,0,0,0,0,0,0,0,0,0,0,0,0.124419,0.340489
15,797974.000000,10,3,0,0,1,0,0,0,1,0,0,0,0,0,0,0,0,0,0,0,0,0,0,0,0,0,0,0.119538,0.340489
16,797974.000000,10,3,0,0,0,0,0,0,1,0,0,0,0,0,0,0,0,0,0,0,0,0,0,0,0,0,0,0.119538,0.340489
17,797971.000000,12,4,0,0,3,0,0,0,1,0,0,0,0,0,0,0,0,0,0,0,0,0,0,0,0,0,0,0.142926,0.375318
18,797970.000000,13,4,0,0,1,0,0,0,0,0,0,0,0,0,0,0,0,0,0,0,0,0,0,0,0,0,0,0.138766,0.375318
19,797966.000000,17,4,0,0,4,0,0,0,0,0,0,0,0,0,0,0,0,0,0,0,0,0,0,0,0,0,0,0.130705,0.375318
20,797964.000000,19,4,0,0,2,0,0,0,0,0,0,0,0,0,0,1,0,0,0,0,0,0,0,0,0,0,0,0.125121,0.375318
21,797962.000000,21,4,0,0,2,0,0,0,0,0,0,0,0,0,0,0,0,0,0,0,0,0,0,0,0,0,0,0.158551,0.38692
22,797957.000000,25,5,0,0,5,0,0,0,1,1,0,0,0,0,0,1,0,0,0,0,0,0,0,0,0,0,0,0.170746,0.38692
23,797955.000000,26,6,0,0,2,0,0,0,0,1,0,0,0,0,0,0,0,0,0,0,0,0,0,0,0,0,0,0.17656,0.38692
24,797952.000000,28,7,0,0,3,0,0,0,1,0,0,0,0,0,0,0,0,0,0,0,0,0,0,0,0,0,0,0.177062,0.38692
25,797951.000000,26,10,0,0,1,0,0,0,2,0,0,0,0,0,0,0,0,0,0,0,0,0,0,0,0,0,0,0.174594,0.38692
26,797948.000000,27,12,0,0,3,0,0,0,4,0,0,0,0,0,0,0,0,0,0,0,0,0,0,0,0,0,0,0.175601,0.38692
27,797942.000000,32,13,0,0,6,0,0,2,1,0,2,2,0,0,0,0,0,0,0,0,0,0,0,0,0,0,0,0.186455,0.396108
28,797940.000000,33,12,0,2,2,0,0,1,1,0,3,1,0,0,0,1,0,0,0,0,0,0,0,0,0,0,0,0.190315,0.396108
29,797938.000000,30,16,0,3,2,0,0,0,4,0,1,0,0,0,0,0,0,0,0,0,0,0,0,0,0,0,0,0.190101,0.396108
30,797937.000000,29,18,0,3,1,0,0,0,3,1,0,0,0,0,0,2,0,0,0,0,0,0,0,0,0,0,0,0.188199,0.396108
31,797931.000000,33,20,0,3,6,0,0,0,1,1,0,0,0,0,0,2,0,0,0,0,0,0,0,0,0,0,0,0.185543,0.396108
32,797930.000000,33,21,0,3,1,0,0,0,2,3,0,0,0,0,0,0,0,0,0,0,0,0,0,0,0,0,0,0.183927,0.396108
33,797930.000000,26,28,0,3,0,0,0,0,7,0,0,0,0,0,0,0,0,0,0,0,0,0,0,0,0,0,0,0.183927,0.396108
34,797928.000000,25,31,0,3,2,0,0,0,2,0,0,0,0,0,0,3,0,0,0,0,0,0,0,0,0,0,0,0.185023,0.396108
35,797925.000000,23,36,0,3,3,0,0,0,5,3,1,1,0,0,0,2,0,0,0,0,0,0,0,0,0,0,0,0.18116,0.396108
36,797922.000000,24,36,1,4,3,1,0,0,2,2,1,0,0,0,0,1,0,0,0,0,0,0,0,0,0,0,1,0.179985,0.396108
37,797918.000000,24,39,2,4,4,1,0,0,4,0,0,0,0,0,0,1,0,0,0,0,0,0,0,0,0,0,1,0.185109,0.396108
38,797911.000000,29,41,2,4,7,0,0,0,2,2,1,0,0,0,0,1,0,0,0,0,0,0,0,0,0,0,1,0.189008,0.396108
39,797909.000000,30,40,3,5,2,1,0,0,2,1,1,0,0,0,0,0,38,0,0,0,0,0,0,0,0,0,1,0.193177,0.396108
40,797905.000000,32,41,4,5,4,1,0,0,1,0,1,0,0,0,0,1,0,0,0,0,0,0,0,0,0,0,1,0.193259,0.396108
41,797902.000000,34,39,6,6,3,2,0,0,2,1,2,0,0,0,0,0,9,0,0,0,0,0,0,0,0,0,1,0.19972,0.396108
42,797900.000000,33,40,7,7,2,1,0,0,3,3,1,0,0,0,0,1,43,2,0,0,0,0,0,0,0,0,1,0.202568,0.396108
43,797898.000000,28,46,8,7,2,1,0,0,4,1,1,0,0,0,0,1,0,0,0,0,0,1000,0,2000,0,0,1,0.202214,0.396108
44,797898.000000,26,47,8,8,0,0,0,0,3,3,1,0,0,0,0,0,30,2,0,0,0,2000,0,4000,0,0,1,0.202214,0.396108
45,797892.000000,30,49,8,8,6,0,0,3,1,2,2,0,0,0,0,0,45,0,0,0,0,2000,0,4000,0,0,1,0.202712,0.396108
46,797886.000000,29,53,9,10,6,1,0,1,7,1,2,0,0,0,3,0,0,0,0,0,0,2000,0,4000,24,0,1,0.207605,0.396108
47,797882.000000,28,57,10,10,4,1,0,0,7,4,1,1,1,0,2,0,53,3,0,0,0,2000,0,4000,24,0,1,0.210303,0.396108
48,797878.000000,31,57,10,11,4,0,0,0,1,0,3,0,0,0,5,0,0,0,0,0,0,3000,0,6000,24,0,1,0.214077,0.396108
49,797876.000000,31,55,12,13,2,2,0,0,2,4,5,0,0,0,1,0,138,1,0,0,0,3000,0,6000,24,0,1,0.214067,0.396108
50,797875.000000,28,55,13,16,1,1,0,0,3,2,5,1,1,0,2,0,40,1,0,0,0,3000,0,6000,24,0,1,0.215263,0.396108
51,797869.000000,31,55,14,18,6,1,0,0,3,2,5,3,3,0,6,0,5,2,0,0,0,3000,0,6000,24,0,1,0.221805,0.396108
52,797868.000000,26,56,16,21,1,2,0,0,6,7,4,1,1,0,5,0,14,2,0,0,0,3000,0,6000,24,0,1,0.223814,0.396108
53,797868.000000,22,57,18,22,0,2,0,0,4,8,4,2,2,0,3,0,26,5,0,0,0,3000,0,6000,24,0,1,0.223814,0.396108
54,797868.000000,21,52,21,25,0,3,0,0,2,1,4,1,1,0,4,0,40,0,0,0,0,4000,0,8000,24,0,1,0.223814,0.396108
55,797868.000000,16,55,22,26,0,1,0,0,4,4,2,1,1,0,1,0,112,2,0,0,0,4000,0,8000,24,0,1,0.223814,0.396108
56,797867.000000,15,52,26,27,1,4,0,0,2,4,1,0,0,0,2,0,4,3,0,0,0,4000,0,8000,24,0,1,0.225196,0.396108
57,797864.000000,16,51,29,27,3,3,0,0,3,1,0,0,0,0,1,1,68,0,0,0,0,4000,0,8000,24,0,1,0.229903,0.396108
58,797863.000000,15,53,29,27,1,0,0,0,1,2,0,0,0,0,0,0,0,0,0,0,0,4000,0,8000,24,0,1,0.23116,0.396108
59,797863.000000,14,53,30,27,0,1,0,0,2,3,2,2,2,0,1,0,31,2,0,0,0,4000,0,8000,24,0,1,0.23116,0.396108
60,797862.000000,14,51,31,29,1,1,0,0,0,1,2,0,0,0,3,0,19,0,0,0,0,4000,0,8000,48,0,1,0.23196,0.396108
61,797860.000000,14,51,33,29,2,2,0,0,3,2,3,3,3,0,1,0,46,1,0,0,0,4000,0,8000,48,0,1,0.234633,0.396108
62,797860.000000,14,46,35,32,0,2,0,0,0,0,3,0,0,0,1,0,0,0,0,0,0,4000,0,8000,48,0,1,0.234633,0.396108
63,797860.000000,13,45,37,32,0,2,0,0,1,1,2,2,2,0,2,0,0,0,0,0,0,4000,0,8000,48,0,1,0.234633,0.396108
64,797859.000000,14,42,38,34,1,1,0,0,0,1,4,2,2,0,0,0,8,0,0,0,0,4000,0,8000,48,0,1,0.235726,0.396108
65,797858.000000,12,41,40,36,1,2,0,0,2,0,3,0,0,0,0,0,0,0,0,0,0,4000,0,8000,48,0,1,0.236624,0.396108
66,797857.000000,13,40,40,37,1,0,0,0,1,1,4,3,3,0,3,0,21,1,0,0,0,4000,0,8000,48,0,1,0.237741,0.396108
67,797857.000000,11,37,42,40,0,2,0,0,1,2,4,1,1,0,0,0,4,0,0,0,0,4000,0,8000,48,0,1,0.237741,0.396108
68,797857.000000,10,36,43,41,0,1,0,0,2,0,1,0,0,0,0,0,0,0,0,0,0,4000,0,8000,48,0,1,0.237741,0.396108
69,797857.000000,9,35,45,41,0,2,0,0,1,1,0,0,0,0,0,0,8,1,0,0,0,4000,0,8000,48,0,1,0.237741,0.396108
70,797855.000000,10,35,46,41,2,1,0,0,1,0,2,2,2,0,3,0,0,0,0,0,0,4000,0,8000,48,0,1,0.237539,0.396108
71,797854.000000,10,34,46,43,1,0,0,0,1,2,3,1,1,0,0,0,0,0,0,0,0,4000,0,8000,48,0,1,0.238557,0.396108
72,797851.000000,12,32,48,44,3,2,0,0,0,0,5,3,3,0,1,0,0,0,0,0,0,4000,0,8000,48,0,1,0.241452,0.396108
73,797850.000000,11,30,48,48,1,0,0,0,2,2,4,0,0,0,1,0,40,1,0,0,0,4000,0,8000,48,0,1,0.242236,0.396108
74,797849.000000,12,26,52,48,1,4,0,0,1,2,0,0,0,0,1,0,26,1,0,0,0,4000,0,8000,48,0,1,0.24369,0.396108
75,797847.000000,13,25,54,48,2,2,0,0,1,1,0,0,0,0,1,0,4,1,0,0,0,4000,0,8000,48,0,1,0.244245,0.396108
76,797846.000000,13,25,55,48,1,1,0,0,1,1,2,2,2,0,1,0,0,1,0,0,0,4000,0,8000,48,0,1,0.245639,0.396108
77,797846.000000,11,23,57,50,0,2,0,0,1,2,2,0,0,0,1,0,15,2,0,0,0,4000,0,8000,48,0,1,0.245639,0.396108
78,797846.000000,10,23,58,50,0,1,0,0,2,1,0,0,0,0,2,0,0,1,0,0,0,4000,0,8000,48,0,1,0.245639,0.396108
79,797846.000000,10,22,59,50,0,1,0,0,0,1,1,1,1,0,0,0,0,0,0,0,0,4000,0,8000,48,0,1,0.245639,0.396108
80,797846.000000,10,20,60,51,0,1,0,0,0,0,3,2,2,0,1,0,0,0,0,0,0,4000,0,8000,48,0,1,0.245639,0.396108
81,797846.000000,10,18,60,53,0,0,0,0,0,0,3,1,1,0,1,0,0,0,0,0,0,4000,0,8000,48,0,1,0.245639,0.396108
82,797846.000000,8,18,61,54,0,1,0,0,0,1,1,0,0,0,1,0,6,0,0,0,0,4000,0,8000,48,0,1,0.245639,0.396108
83,797843.000000,10,18,62,54,3,1,0,0,2,0,1,1,1,0,1,0,0,0,0,0,0,4000,0,8000,48,0,1,0.245774,0.396108
84,797839.000000,13,18,62,55,4,0,0,0,1,1,1,0,0,0,0,0,0,0,0,0,0,4000,0,8000,48,0,1,0.248574,0.396108
85,797836.000000,15,17,64,55,3,2,0,0,2,0,1,1,1,0,0,0,0,0,0,0,0,4000,0,8000,48,0,1,0.252306,0.396108
86,797834.000000,15,18,64,56,2,0,0,0,2,2,1,0,0,0,0,0,9,2,0,0,0,4000,0,8000,48,0,1,0.252677,0.396108
87,797831.000000,16,19,65,56,3,1,0,0,2,0,0,0,0,0,3,0,0,0,0,0,0,4000,0,8000,48,0,1,0.25354,0.396108
88,797828.000000,17,21,65,56,3,0,0,0,1,0,2,2,2,0,1,0,0,0,0,0,0,4000,0,8000,48,0,1,0.256934,0.396108
89,797828.000000,16,20,65,58,0,0,0,0,2,2,3,1,1,0,1,0,20,0,0,0,0,4000,0,8000,48,0,1,0.256934,0.396108
90,797826.000000,17,20,65,59,2,0,0,1,1,1,2,1,1,0,1,0,9,0,0,0,0,4000,0,8000,48,0,1,0.258691,0.396108
91,797826.000000,17,19,65,60,0,0,0,0,0,2,1,0,0,0,1,0,0,1,0,0,0,4000,0,8000,48,0,1,0.258691,0.396108
92,797824.000000,16,22,65,60,2,0,0,0,3,1,0,0,0,0,2,0,28,1,0,0,0,4000,0,8000,48,0,1,0.259355,0.396108
93,797824.000000,14,23,66,60,0,1,0,0,1,2,1,0,0,0,3,0,37,0,0,0,0,4000,0,8000,48,0,1,0.259355,0.396108
94,797822.000000,13,25,66,61,2,0,0,0,4,2,2,1,1,0,0,0,1,1,0,0,0,4000,0,8000,48,0,1,0.260049,0.396108
95,797821.000000,13,24,67,62,1,1,0,0,0,1,1,0,0,0,0,0,0,0,0,0,0,4000,0,8000,48,0,1,0.260357,0.396108
96,797820.000000,13,24,68,62,1,1,0,0,2,1,0,0,0,0,1,0,11,1,0,0,0,4000,0,8000,48,0,1,0.260673,0.396108
97,797816.000000,16,25,68,62,4,0,0,0,1,0,0,0,0,0,2,0,0,0,0,0,0,4000,0,8000,48,0,1,0.26265,0.396108
98,797814.000000,16,26,69,62,2,1,0,0,1,2,0,0,0,0,2,0,34,0,0,0,0,4000,0,8000,48,0,1,0.263399,0.396108
99,797814.000000,15,26,70,62,0,1,0,0,1,1,0,0,0,0,2,0,36,0,0,0,0,4000,0,8000,48,0,1,0.263399,0.396108
100,797813.000000,16,24,72,62,1,2,0,0,1,2,0,0,0,0,0,0,0,1,0,0,0,4000,0,8000,48,0,1,0.264339,0.396108
101,797813.000000,13,25,74,62,0,2,0,0,3,2,0,0,0,0,0,0,3,2,0,0,0,4000,0,8000,48,0,1,0.264339,0.396108
102,797811.000000,13,27,74,62,2,0,0,0,1,0,0,0,0,0,3,0,0,0,0,0,0,4000,0,8000,48,0,1,0.266194,0.396108
103,797810.000000,13,28,74,62,1,0,0,0,2,2,1,1,1,0,2,0,25,1,0,0,0,4000,0,8000,48,0,1,0.267103,0.396108
104,797807.000000,16,26,75,63,3,1,0,0,0,1,3,1,1,0,1,0,8,1,0,0,0,4000,0,8000,48,0,1,0.267955,0.396108
105,797806.000000,17,24,75,65,1,0,0,0,0,0,2,0,0,0,0,0,0,0,0,0,0,4000,0,8000,48,0,1,0.26882,0.396108
106,797805.000000,18,23,76,65,1,1,0,0,0,1,1,1,1,0,0,0,0,0,0,0,0,4000,0,8000,48,0,1,0.269209,0.396108
107,797805.000000,17,22,77,66,0,1,0,0,0,0,1,0,0,0,1,0,0,0,0,0,0,4000,0,8000,48,0,1,0.269209,0.396108
108,797805.000000,16,23,77,66,0,0,0,0,2,2,2,2,2,0,1,0,13,1,0,0,0,4000,0,8000,48,0,1,0.269209,0.396108
109,797805.000000,12,25,77,68,0,0,0,0,1,2,3,1,1,0,1,0,33,1,0,0,0,4000,0,8000,48,0,1,0.269209,0.396108
110,797805.000000,9,26,78,69,0,1,0,0,6,4,1,0,0,0,2,0,13,4,0,0,0,4000,0,8000,48,0,1,0.269209,0.396108
111,797804.000000,10,26,78,69,1,0,0,0,0,0,0,0,0,0,2,0,0,0,0,0,0,4000,0,8000,48,0,1,0.269442,0.396108
112,797803.000000,11,23,81,69,1,3,0,0,0,0,0,0,0,0,1,0,0,0,0,0,0,4000,0,8000,48,0,1,0.269685,0.396108
113,797803.000000,11,22,82,69,0,1,0,0,0,0,0,0,0,0,0,0,0,0,0,0,0,4000,0,8000,48,0,1,0.269685,0.396108
114,797802.000000,11,22,83,69,1,1,0,0,1,2,2,2,1,0,2,0,61,1,0,0,0,4000,0,8000,48,0,1,0.269924,0.396108
115,797802.000000,9,22,83,71,0,0,0,0,2,2,2,0,0,0,0,0,11,2,0,0,0,4000,0,8000,48,0,1,0.269924,0.396108
116,797801.000000,9,21,85,71,1,2,0,0,0,1,0,0,0,0,0,0,0,0,0,0,0,4000,0,8000,48,0,1,0.27075,0.396108
117,797801.000000,9,20,86,71,0,1,0,0,1,1,1,1,1,0,0,0,0,1,0,0,0,4000,0,8000,48,0,1,0.27075,0.396108
118,797800.000000,9,20,86,72,1,0,0,0,0,0,1,0,0,0,0,0,0,0,0,0,0,4000,0,8000,48,0,1,0.271571,0.396108
119,797798.000000,11,20,86,72,2,0,0,0,1,1,1,1,1,0,0,0,21,1,0,0,0,4000,0,8000,48,0,1,0.271995,0.396108
120,797798.000000,9,20,87,73,0,1,0,0,2,1,2,1,1,0,2,0,6,1,0,0,0,4000,0,8000,48,0,1,0.271995,0.396108
121,797795.000000,11,20,87,74,3,0,0,0,0,0,1,0,0,0,0,0,0,0,0,0,0,4000,0,8000,48,0,1,0.272512,0.396108
122,797792.000000,14,20,87,74,3,0,0,0,1,0,1,1,1,0,0,0,0,0,0,0,0,4000,0,8000,48,0,1,0.273049,0.396108
123,797791.000000,14,19,88,75,1,1,0,0,1,0,2,1,1,0,0,0,0,0,0,0,0,4000,0,8000,48,0,1,0.27325,0.396108
124,797790.000000,13,16,92,76,1,4,0,0,2,1,1,0,0,0,0,0,0,1,0,0,0,4000,0,8000,48,0,1,0.273454,0.396108
125,797789.000000,14,16,92,76,1,0,0,0,0,0,0,0,0,0,2,0,0,0,0,0,0,4000,0,8000,48,0,1,0.273615,0.396108
126,797789.000000,12,17,93,76,0,1,0,0,2,2,0,0,0,0,1,0,33,1,0,0,0,4000,0,8000,48,0,1,0.273615,0.396108
127,797789.000000,12,14,96,76,0,3,0,0,0,0,0,0,0,0,1,0,0,0,0,0,0,4000,0,8000,48,0,1,0.273615,0.396108
128,797789.000000,11,15,96,76,0,0,0,0,1,2,1,1,1,0,1,0,19,2,0,0,0,4000,0,8000,48,0,1,0.273615,0.396108
129,797789.000000,9,15,97,77,0,1,0,0,1,3,2,1,1,0,2,0,5,2,0,0,0,4000,0,8000,48,0,1,0.273615,0.396108
130,797786.000000,10,16,97,78,3,0,0,0,3,1,1,0,0,0,1,0,5,1,0,0,0,4000,0,8000,48,0,1,0.275346,0.396108
131,797782.000000,14,16,97,78,4,0,0,0,0,0,0,0,0,0,2,0,0,0,0,0,0,4000,0,8000,48,0,1,0.277729,0.396108
132,797782.000000,12,18,97,78,0,0,0,0,1,2,0,0,0,0,0,0,6,2,0,0,0,4000,0,8000,48,0,1,0.277729,0.396108
133,797782.000000,10,18,99,78,0,2,0,0,1,0,0,0,0,0,1,0,0,0,0,0,0,4000,0,8000,48,0,1,0.277729,0.396108
134,797781.000000,9,19,100,78,1,1,0,0,4,3,0,0,0,0,2,0,4,3,0,0,0,4000,0,8000,48,0,1,0.278423,0.396108
135,797779.000000,10,19,101,78,2,1,0,0,1,1,0,0,0,0,1,0,18,1,0,0,0,4000,0,8000,48,0,1,0.279253,0.396108
136,797778.000000,10,19,102,78,1,1,0,0,1,2,0,0,0,0,1,0,11,0,0,0,0,4000,0,8000,48,0,1,0.27992,0.396108
137,797775.000000,13,19,102,78,3,0,0,0,0,0,0,0,0,0,1,0,0,0,0,0,0,4000,0,8000,48,0,1,0.281315,0.396108
138,797775.000000,13,19,102,78,0,0,0,0,0,0,0,0,0,0,1,0,0,0,0,0,0,4000,0,8000,48,0,1,0.281315,0.396108
139,797774.000000,13,19,103,78,1,1,0,0,1,1,0,0,0,0,2,0,3,1,0,0,0,4000,0,8000,48,0,1,0.281962,0.396108
140,797773.000000,13,20,103,78,1,0,0,0,1,1,0,0,0,0,0,0,36,0,0,0,0,4000,0,8000,48,0,1,0.2826,0.396108
141,797773.000000,13,20,103,78,0,0,0,0,0,0,1,1,1,0,1,0,0,0,0,0,0,4000,0,8000,48,0,1,0.2826,0.396108
142,797773.000000,12,19,104,79,0,1,0,0,1,2,3,2,2,0,0,0,20,1,0,0,0,4000,0,8000,48,0,1,0.2826,0.396108
143,797772.000000,11,19,104,81,1,0,0,1,1,0,2,0,0,0,1,0,0,0,0,0,0,4000,0,8000,48,0,1,0.28266,0.396108
144,797769.000000,13,19,105,81,3,1,0,0,1,0,1,1,1,0,1,0,0,0,0,0,0,4000,0,8000,48,0,1,0.284499,0.396108
145,797767.000000,14,18,106,82,2,1,0,0,2,1,1,0,0,0,0,0,0,0,0,0,0,4000,0,8000,48,0,1,0.285689,0.396108
146,797766.000000,14,19,106,82,1,0,0,0,1,1,0,0,0,0,0,0,3,1,0,0,0,4000,0,8000,48,0,1,0.286283,0.396108
147,797765.000000,14,19,107,82,1,1,0,0,1,0,1,1,1,0,1,0,0,0,0,0,0,4000,0,8000,48,0,1,0.286871,0.396108
148,797760.000000,17,17,110,83,5,3,0,0,2,1,1,0,0,0,1,0,26,1,0,0,0,4000,0,8000,48,0,1,0.288121,0.396108
149,797759.000000,17,17,111,83,1,1,0,0,1,0,0,0,0,0,1,0,0,0,0,0,0,4000,0,8000,48,0,1,0.288673,0.396108
150,797758.000000,18,17,111,83,1,0,0,0,0,1,0,0,0,0,1,0,38,0,0,0,0,4000,0,8000,48,0,1,0.289223,0.396108
151,797756.000000,19,17,112,83,2,1,0,0,1,1,2,2,2,0,0,0,8,1,0,0,0,4000,0,8000,48,0,1,0.2903,0.396108
152,797755.000000,19,16,112,85,1,0,0,1,1,1,2,0,0,0,1,0,3,1,0,0,0,4000,0,8000,48,0,1,0.29032,0.396108
153,797755.000000,19,16,112,85,0,0,0,0,0,1,0,0,0,0,2,0,2,1,0,0,0,4000,0,8000,48,0,1,0.29032,0.396108
154,797754.000000,20,15,113,85,1,1,0,0,0,1,1,1,1,0,1,0,0,1,0,0,0,4000,0,8000,48,0,1,0.290855,0.396108
155,797754.000000,18,16,113,86,0,0,0,0,1,2,2,0,0,0,0,0,17,1,0,0,0,4000,0,8000,48,0,1,0.290855,0.396108
156,797753.000000,19,15,113,87,1,0,0,0,1,1,1,0,0,0,3,0,2,1,0,0,0,4000,0,8000,48,0,1,0.291383,0.396108
157,797753.000000,16,18,113,87,0,0,0,0,2,2,0,0,0,0,0,0,11,2,0,0,0,4000,0,8000,48,0,1,0.291383,0.396108
158,797752.000000,15,19,114,87,1,1,0,0,2,2,0,0,0,0,1,0,2,2,0,0,0,4000,0,8000,48,0,1,0.291899,0.396108
159,797750.000000,16,20,114,87,2,0,0,0,2,1,0,0,0,0,2,0,29,1,0,0,0,4000,0,8000,48,0,1,0.291927,0.396108
160,797749.000000,15,21,115,87,1,1,0,0,2,2,0,0,0,0,0,0,14,2,0,0,0,4000,0,8000,48,0,1,0.292,0.396108
161,797747.000000,17,21,115,87,2,0,0,0,0,0,1,1,1,0,1,0,0,0,0,0,0,4000,0,8000,48,0,1,0.292983,0.469779
162,797744.000000,19,21,115,88,3,0,0,0,0,0,1,0,0,0,2,0,0,0,0,0,0,4000,0,8000,48,0,1,0.293068,0.469779
163,797744.000000,18,22,115,88,0,0,0,0,1,1,0,0,0,0,0,0,5,1,0,0,0,4000,0,8000,48,0,1,0.293068,0.469779
164,797742.000000,18,24,115,88,2,0,0,0,2,1,3,3,3,0,0,0,15,1,0,0,0,4000,0,8000,48,0,1,0.293092,0.469779
165,797741.000000,19,20,116,91,1,1,0,0,1,1,3,0,0,0,2,0,0,1,0,0,0,4000,0,8000,48,0,1,0.293106,0.469779
166,797740.000000,19,21,116,91,1,0,0,0,1,1,1,1,1,0,0,0,0,1,0,0,0,4000,0,8000,48,0,1,0.293171,0.469779
167,797738.000000,21,19,117,92,2,1,0,0,0,0,1,0,0,0,2,0,0,0,0,0,0,4000,0,8000,48,0,1,0.293194,0.469779
168,797735.000000,23,18,119,92,3,2,0,0,0,0,1,1,1,0,0,0,0,0,0,0,0,4000,0,8000,48,0,1,0.293751,0.469779
169,797735.000000,20,19,120,93,0,1,0,0,3,1,1,0,0,0,1,0,40,0,0,0,0,4000,0,8000,48,0,1,0.293751,0.469779
170,797734.000000,20,20,120,93,1,0,0,0,2,1,0,0,0,0,0,0,3,1,0,0,0,4000,0,8000,48,0,1,0.293743,0.469779
171,797733.000000,16,24,121,93,1,1,0,0,2,0,0,0,0,0,0,0,0,0,0,0,0,4000,0,8000,48,0,1,0.294215,0.469779
172,797729.000000,20,24,121,93,4,0,0,0,3,0,2,2,2,0,0,0,0,0,0,0,0,4000,0,8000,48,0,1,0.294771,0.469779
173,797724.000000,24,23,121,95,5,0,0,1,0,0,2,0,0,0,0,0,0,0,0,0,0,4000,0,8000,48,0,1,0.29565,0.469779
174,797721.000000,25,23,123,95,3,2,0,0,2,0,3,3,3,0,2,0,0,0,0,0,0,4000,0,8000,48,0,1,0.295589,0.469779
175,797715.000000,28,23,123,98,6,0,0,1,3,2,3,0,0,0,1,0,71,1,0,0,0,4000,0,8000,48,0,1,0.297714,0.469779
176,797711.000000,30,25,123,98,4,0,0,0,3,1,0,0,0,0,2,0,2,1,0,0,0,4000,0,8000,48,0,1,0.297655,0.469779
177,797707.000000,31,28,123,98,4,0,0,0,1,2,1,0,0,0,1,0,64,0,0,0,0,4000,0,8000,48,0,1,0.298448,0.469779
178,797707.000000,30,28,123,99,0,0,0,0,3,2,2,1,1,0,1,0,9,2,0,0,0,4000,0,8000,48,0,1,0.298448,0.469779
179,797704.000000,31,29,123,100,3,0,0,0,2,1,1,0,0,0,2,0,18,1,0,0,0,4000,0,8000,48,0,1,0.298462,0.469779
180,797703.000000,29,32,123,100,1,0,0,0,3,2,1,1,1,0,3,0,37,1,0,0,0,4000,0,8000,48,0,1,0.298857,0.469779
181,797703.000000,27,32,124,101,0,1,0,0,2,3,2,1,1,0,1,0,27,3,0,0,0,4000,0,8000,48,0,1,0.298857,0.469779
182,797703.000000,26,32,124,102,0,0,0,0,1,2,2,0,0,0,1,0,6,2,0,0,0,4000,0,8000,48,0,1,0.298857,0.469779
183,797702.000000,24,34,124,103,1,0,0,0,1,2,1,0,0,0,0,0,4,2,0,0,0,4000,0,8000,48,0,1,0.298844,0.469779
184,797700.000000,22,36,126,103,2,2,0,0,4,3,1,1,1,0,3,0,5,3,0,0,0,4000,0,8000,48,0,1,0.299212,0.469779
185,797699.000000,19,38,127,104,1,1,0,0,4,4,1,0,0,0,3,0,12,4,0,0,0,4000,0,8000,48,0,1,0.299596,0.469779
186,797698.000000,19,39,127,104,1,0,0,0,2,2,2,1,1,0,5,0,4,2,0,0,0,4000,0,8000,48,0,1,0.299976,0.469779
187,797697.000000,17,40,127,106,1,0,0,0,2,2,6,4,4,0,2,0,3,2,0,0,0,4000,0,8000,48,0,1,0.300356,0.469779
188,797697.000000,14,39,127,110,0,0,0,0,4,3,4,0,0,0,2,0,7,3,0,0,0,4000,0,8000,48,0,1,0.300356,0.469779
189,797695.000000,15,39,128,110,2,1,0,1,2,2,2,1,1,0,2,0,5,2,0,0,0,4000,0,8000,48,0,1,0.300757,0.469779
190,797694.000000,13,39,129,112,1,1,0,0,3,3,5,2,2,0,1,0,63,2,0,0,0,4000,0,8000,48,0,1,0.300701,0.469779
191,797694.000000,10,38,130,115,0,1,0,0,2,2,4,1,1,0,2,0,2,2,0,0,0,4000,0,8000,48,0,1,0.300701,0.469779
192,797694.000000,9,38,130,116,0,0,0,0,2,2,2,0,0,0,3,0,17,2,0,0,0,4000,0,8000,48,0,1,0.300701,0.469779
193,797694.000000,9,35,132,117,0,2,0,0,0,0,3,2,2,0,3,0,0,0,0,0,0,4000,0,8000,48,0,1,0.300701,0.469779
194,797694.000000,8,33,133,119,0,1,0,0,0,1,3,1,1,0,0,0,7,1,0,0,0,4000,0,8000,48,0,1,0.300701,0.469779
195,797693.000000,7,32,135,120,1,2,0,1,3,2,3,1,1,0,2,0,11,2,0,0,0,4000,0,8000,48,0,1,0.301075,0.469779
196,797693.000000,7,30,135,122,0,0,0,0,0,1,3,1,1,0,2,0,0,0,0,0,0,4000,0,8000,48,0,1,0.301075,0.469779
197,797693.000000,6,28,137,123,0,2,0,0,1,1,1,0,0,0,0,0,2,1,0,0,0,4000,0,8000,48,0,1,0.301075,0.469779
198,797693.000000,5,29,137,123,0,0,0,0,1,0,1,1,1,0,1,0,0,0,0,0,0,4000,0,8000,48,0,1,0.301075,0.469779
199,797693.000000,5,27,138,124,0,1,0,0,0,0,5,3,3,0,0,0,0,0,0,0,0,4000,0,8000,48,0,1,0.301075,0.469779
200,797692.000000,4,25,138,128,1,0,0,0,2,1,6,2,2,0,1,0,3,1,0,0,0,4000,0,8000,48,0,1,0.301442,0.469779
201,797690.000000,6,22,139,130,2,1,0,0,0,1,4,2,2,0,1,0,0,0,0,0,0,4000,0,8000,48,0,1,0.301392,0.469779
202,797688.000000,8,20,139,132,2,0,0,0,0,0,5,3,3,0,0,0,0,0,0,0,0,4000,0,8000,48,0,1,0.302118,0.469779
203,797688.000000,6,19,139,135,0,0,0,0,2,0,3,0,0,0,1,0,0,0,0,0,0,4000,0,8000,48,0,1,0.302118,0.469779
204,797686.000000,6,21,139,135,2,0,0,0,0,1,0,0,0,0,0,0,40,0,0,0,0,4000,0,8000,48,0,1,0.302,0.469779
205,797684.000000,6,23,139,135,2,0,0,0,4,1,1,1,1,0,2,0,0,1,0,0,0,4000,0,8000,48,0,1,0.302709,0.469779
206,797684.000000,6,22,139,136,0,0,0,0,0,1,2,1,1,0,0,0,26,0,0,0,0,4000,0,8000,48,0,1,0.302709,0.469779
207,797684.000000,6,20,140,137,0,1,0,0,0,0,4,2,2,0,0,0,0,0,0,0,0,4000,0,8000,48,0,1,0.302709,0.469779
208,797683.000000,7,17,140,140,1,0,0,0,0,0,3,0,0,0,1,0,0,0,0,0,0,4000,0,8000,48,0,1,0.302649,0.469779
209,797683.000000,6,18,140,140,0,0,0,0,0,1,0,0,0,0,1,0,0,0,0,0,0,4000,0,8000,48,0,1,0.302649,0.469779
210,797682.000000,6,19,140,140,1,0,0,0,2,1,0,0,0,0,1,0,20,1,0,0,0,4000,0,8000,48,0,1,0.302616,0.469779
211,797681.000000,7,18,141,140,1,1,0,0,0,2,0,0,0,0,0,0,37,1,0,0,0,4000,0,8000,48,0,1,0.302966,0.469779
212,797681.000000,5,19,142,140,0,1,0,0,1,1,0,0,0,0,0,0,11,1,0,0,0,4000,0,8000,48,0,1,0.302966,0.469779
213,797680.000000,6,19,142,140,1,0,0,0,1,0,0,0,0,0,1,0,0,0,0,0,0,4000,0,8000,48,0,1,0.303316,0.469779
214,797679.000000,6,19,143,140,1,1,0,0,1,1,0,0,0,0,0,0,6,1,0,0,0,4000,0,8000,48,0,1,0.303255,0.469779
215,797678.000000,7,18,144,140,1,1,0,0,0,0,1,1,1,0,1,0,0,0,0,0,0,4000,0,8000,48,0,1,0.303601,0.469779
216,797677.000000,6,17,146,141,1,2,0,0,2,2,1,0,0,0,0,0,3,2,0,0,0,4000,0,8000,48,0,1,0.303565,0.469779
217,797677.000000,5,17,147,141,0,1,0,0,0,0,0,0,0,0,3,0,0,0,0,0,0,4000,0,8000,48,0,1,0.303565,0.469779
218,797676.000000,6,17,147,141,1,0,0,1,1,1,1,1,1,0,1,0,0,1,0,0,0,4000,0,8000,48,0,1,0.303906,0.469779
219,797676.000000,6,15,148,142,0,1,0,0,0,1,2,1,1,0,1,0,35,0,0,0,0,4000,0,8000,48,0,1,0.303906,0.469779
220,797676.000000,5,15,148,143,0,0,0,0,0,0,1,0,0,0,0,0,0,0,0,0,0,4000,0,8000,48,0,1,0.303906,0.469779
221,797676.000000,5,15,148,143,0,0,0,0,1,0,2,2,2,0,0,0,0,0,0,0,0,4000,0,8000,48,0,1,0.303906,0.469779
222,797675.000000,5,13,149,145,1,1,0,0,1,1,3,1,1,0,0,0,6,1,0,0,0,4000,0,8000,48,0,1,0.303859,0.469779
223,797673.000000,7,12,149,146,2,0,0,0,0,0,3,2,2,0,1,0,0,0,0,0,0,4000,0,8000,48,0,1,0.303916,0.469779
224,797673.000000,7,9,150,148,0,1,0,0,0,0,2,0,0,0,0,0,0,0,0,0,0,4000,0,8000,48,0,1,0.303916,0.469779
225,797673.000000,5,11,150,148,0,0,0,0,1,0,2,1,1,0,0,0,0,0,0,0,0,4000,0,8000,48,0,1,0.303916,0.469779
226,797671.000000,7,8,151,150,2,1,0,1,1,0,2,0,0,0,0,0,0,0,0,0,0,4000,0,8000,48,0,1,0.304588,0.469779
227,797671.000000,7,8,151,150,0,0,0,0,0,0,0,0,0,0,0,0,0,0,0,0,0,4000,0,8000,48,0,1,0.304588,0.469779
228,797671.000000,7,7,152,150,0,1,0,0,0,0,1,1,1,0,0,0,0,0,0,0,0,4000,0,8000,48,0,1,0.304588,0.469779
229,797671.000000,5,8,152,151,0,0,0,0,2,1,1,0,0,0,0,0,17,1,0,0,0,4000,0,8000,48,0,1,0.304588,0.469779
230,797671.000000,5,8,152,151,0,0,0,0,0,0,0,0,0,0,2,0,0,0,0,0,0,4000,0,8000,48,0,1,0.304588,0.469779
231,797670.000000,6,8,152,151,1,0,0,0,0,1,0,0,0,0,0,0,0,0,0,0,0,4000,0,8000,48,0,1,0.304548,0.469779
232,797670.000000,5,9,152,151,0,0,0,0,1,1,0,0,0,0,0,0,21,1,0,0,0,4000,0,8000,48,0,1,0.304548,0.469779
233,797670.000000,4,10,152,151,0,0,0,0,1,0,0,0,0,0,0,0,0,0,0,0,0,4000,0,8000,48,0,1,0.304548,0.469779
234,797670.000000,3,11,152,151,0,0,0,0,1,1,1,1,1,0,1,0,25,1,0,0,0,4000,0,8000,48,0,1,0.304548,0.469779
235,797670.000000,3,9,153,152,0,1,0,0,0,1,1,0,0,0,1,0,0,0,0,0,0,4000,0,8000,48,0,1,0.304548,0.469779
236,797670.000000,3,9,153,152,0,0,0,0,0,0,0,0,0,0,0,0,0,0,0,0,0,4000,0,8000,48,0,1,0.304548,0.469779
237,797670.000000,2,10,153,152,0,0,0,0,0,0,0,0,0,0,1,0,0,0,0,0,0,4000,0,8000,48,0,1,0.304548,0.469779
238,797670.000000,2,10,153,152,0,0,0,0,1,0,1,0,0,0,1,0,0,0,0,0,0,4000,0,8000,48,0,1,0.304548,0.469779
239,797670.000000,2,9,153,153,0,0,0,0,0,1,1,0,0,0,0,0,0,0,0,0,0,4000,0,8000,48,0,1,0.304548,0.469779
240,797670.000000,2,9,153,153,0,0,0,0,0,0,1,1,1,0,0,0,0,0,0,0,0,4000,0,8000,48,0,1,0.304548,0.469779
241,797670.000000,1,9,153,154,0,0,0,0,1,0,2,1,1,0,0,0,0,0,0,0,0,4000,0,8000,48,0,1,0.304548,0.469779
242,797670.000000,1,8,153,155,0,0,0,0,0,0,1,0,0,0,1,0,0,0,0,0,0,4000,0,8000,48,0,1,0.304548,0.469779
243,797670.000000,1,8,153,155,0,0,0,0,0,0,0,0,0,0,0,0,0,0,0,0,0,4000,0,8000,48,0,1,0.304548,0.469779
244,797670.000000,1,8,153,155,0,0,0,0,0,1,0,0,0,0,0,0,42,0,0,0,0,4000,0,8000,48,0,1,0.304548,0.469779
245,797670.000000,1,8,153,155,0,0,0,0,0,0,0,0,0,0,0,0,0,0,0,0,0,4000,0,8000,48,0,1,0.304548,0.469779
246,797670.000000,1,8,153,155,0,0,0,0,0,0,1,1,1,0,1,0,0,0,0,0,0,4000,0,8000,48,0,1,0.304548,0.469779
247,797670.000000,1,7,153,156,0,0,0,0,0,1,2,1,1,0,0,0,36,0,0,0,0,4000,0,8000,48,0,1,0.304548,0.469779
248,797670.000000,1,6,153,157,0,0,0,0,0,0,1,0,0,0,0,0,0,0,0,0,0,4000,0,8000,48,0,1,0.304548,0.469779
249,797669.000000,2,6,153,157,1,0,0,0,0,0,0,0,0,0,0,0,0,0,0,0,0,4000,0,8000,48,0,1,0.304883,0.469779
250,797669.000000,2,6,153,157,0,0,0,0,0,0,0,0,0,0,0,0,0,0,0,0,0,4000,0,8000,48,0,1,0.304883,0.469779
251,797668.000000,3,5,154,157,1,1,0,0,0,0,0,0,0,0,0,0,0,0,0,0,0,4000,0,8000,48,0,1,0.304819,0.469779
252,797668.000000,2,6,154,157,0,0,0,0,1,1,1,1,1,0,0,0,21,1,0,0,0,4000,0,8000,48,0,1,0.304819,0.469779
253,797668.000000,2,5,154,158,0,0,0,0,0,0,1,0,0,0,0,0,0,0,0,0,0,4000,0,8000,48,0,1,0.304819,0.469779
254,797668.000000,2,5,154,158,0,0,0,0,0,0,1,1,1,0,0,0,0,0,0,0,0,4000,0,8000,48,0,1,0.304819,0.469779
255,797668.000000,2,4,154,159,0,0,0,0,0,0,1,0,0,0,0,0,0,0,0,0,0,4000,0,8000,48,0,1,0.304819,0.469779
256,797668.000000,2,4,154,159,0,0,0,0,0,0,0,0,0,0,0,0,0,0,0,0,0,4000,0,8000,48,0,1,0.304819,0.469779
257,797668.000000,2,4,154,159,0,0,0,0,0,0,0,0,0,0,1,0,0,0,0,0,0,4000,0,8000,48,0,1,0.304819,0.469779
258,797668.000000,0,6,154,159,0,0,0,0,2,1,0,0,0,0,0,0,16,1,0,0,0,4000,0,8000,48,0,1,0.304819,0.469779
259,797668.000000,0,6,154,159,0,0,0,0,0,0,0,0,0,0,1,0,0,0,0,0,0,4000,0,8000,48,0,1,0.304819,0.469779
260,797668.000000,0,6,154,159,0,0,0,0,0,0,0,0,0,0,0,0,0,0,0,0,0,4000,0,8000,48,0,1,0.304819,0.469779
261,797668.000000,0,6,154,159,0,0,0,0,0,0,0,0,0,0,0,0,0,0,0,0,0,4000,0,8000,48,0,1,0.304819,0.469779
262,797668.000000,0,5,155,159,0,1,0,0,0,0,0,0,0,0,0,0,0,0,0,0,0,4000,0,8000,48,0,1,0.304819,0.469779
263,797668.000000,0,5,155,159,0,0,0,0,0,0,0,0,0,0,1,0,0,0,0,0,0,4000,0,8000,48,0,1,0.304819,0.469779
264,797668.000000,0,5,155,159,0,0,0,0,0,1,0,0,0,0,0,0,38,0,0,0,0,4000,0,8000,48,0,1,0.304819,0.469779
265,797668.000000,0,5,155,159,0,0,0,0,0,0,0,0,0,0,0,0,0,0,0,0,0,4000,0,8000,48,0,1,0.304819,0.469779
266,797668.000000,0,5,155,159,0,0,0,0,0,0,0,0,0,0,0,0,0,0,0,0,0,4000,0,8000,48,0,1,0.304819,0.469779
267,797668.000000,0,5,155,159,0,0,0,0,0,0,0,0,0,0,0,0,0,0,0,0,0,4000,0,8000,48,0,1,0.304819,0.469779
268,797668.000000,0,5,155,159,0,0,0,0,0,0,0,0,0,0,0,0,0,0,0,0,0,4000,0,8000,48,0,1,0.304819,0.469779
269,797668.000000,0,5,155,159,0,0,0,0,0,0,1,1,1,0,0,0,0,0,0,0,0,4000,0,8000,48,0,1,0.304819,0.469779
270,797668.000000,0,3,156,160,0,1,0,0,0,0,1,0,0,0,0,0,0,0,0,0,0,4000,0,8000,48,0,1,0.304819,0.469779
271,797668.000000,0,3,156,160,0,0,0,0,0,0,0,0,0,0,0,0,0,0,0,0,0,4000,0,8000,48,0,1,0.304819,0.469779
272,797668.000000,0,3,156,160,0,0,0,0,0,0,0,0,0,0,0,0,0,0,0,0,0,4000,0,8000,48,0,1,0.304819,0.469779
273,797668.000000,0,3,156,160,0,0,0,0,0,0,0,0,0,0,0,0,0,0,0,0,0,4000,0,8000,48,0,1,0.304819,0.469779
274,797668.000000,0,3,156,160,0,0,0,0,0,0,0,0,0,0,0,0,0,0,0,0,0,4000,0,8000,48,0,1,0.304819,0.469779
275,797668.000000,0,3,156,160,0,0,0,0,0,0,0,0,0,0,0,0,0,0,0,0,0,4000,0,8000,48,0,1,0.304819,0.469779
276,797668.000000,0,2,157,160,0,1,0,0,0,0,0,0,0,0,0,0,0,0,0,0,0,4000,0,8000,48,0,1,0.304819,0.469779
277,797668.000000,0,2,157,160,0,0,0,0,0,0,0,0,0,0,0,0,0,0,0,0,0,4000,0,8000,48,0,1,0.304819,0.469779
278,797668.000000,0,2,157,160,0,0,0,0,0,0,0,0,0,0,0,0,0,0,0,0,0,4000,0,8000,48,0,1,0.304819,0.469779
279,797668.000000,0,2,157,160,0,0,0,0,0,0,0,0,0,0,0,0,0,0,0,0,0,4000,0,8000,48,0,1,0.304819,0.469779
280,797668.000000,0,1,158,160,0,1,0,0,0,0,0,0,0,0,0,0,0,0,0,0,0,4000,0,8000,48,0,1,0.304819,0.469779
281,797668.000000,0,1,158,160,0,0,0,0,0,0,1,1,1,0,0,0,0,0,0,0,0,4000,0,8000,48,0,1,0.304819,0.469779
282,797668.000000,0,0,158,161,0,0,0,0,0,0,1,0,0,0,0,0,0,0,0,0,0,4000,0,8000,48,1,1,0.304819,0.469779
283,797668.000000,0,0,158,161,0,0,0,0,0,0,0,0,0,0,0,0,0,0,0,0,0,4000,0,8000,48,1,1,0.304819,0.469779
284,797668.000000,0,0,158,161,0,0,0,0,0,0,0,0,0,0,0,0,0,0,0,0,0,4000,0,8000,48,1,1,0.304819,0.469779
285,797668.000000,0,0,158,161,0,0,0,0,0,0,0,0,0,0,0,0,0,0,0,0,0,4000,0,8000,48,1,1,0.304819,0.469779
286,797668.000000,0,0,158,161,0,0,0,0,0,0,0,0,0,0,0,0,0,0,0,0,0,4000,0,8000,48,1,1,0.304819,0.469779
287,797668.000000,0,0,158,161,0,0,0,0,0,0,0,0,0,0,0,0,0,0,0,0,0,4000,0,8000,48,1,1,0.304819,0.469779
288,797668.000000,0,0,158,161,0,0,0,0,0,0,0,0,0,0,0,0,0,0,0,0,0,4000,0,8000,48,1,1,0.304819,0.469779
289,797668.000000,0,0,158,161,0,0,0,0,0,0,0,0,0,0,0,0,0,0,0,0,0,4000,0,8000,48,1,1,0.304819,0.469779
290,797668.000000,0,0,158,161,0,0,0,0,0,0,0,0,0,0,0,0,0,0,0,0,0,4000,0,8000,48,1,1,0.304819,0.469779
291,797668.000000,0,0,158,161,0,0,0,0,0,0,0,0,0,0,0,0,0,0,0,0,0,4000,0,8000,48,1,1,0.304819,0.469779
292,797668.000000,0,0,158,161,0,0,0,0,0,0,0,0,0,0,0,0,0,0,0,0,0,4000,0,8000,48,1,1,0.304819,0.469779
293,797668.000000,0,0,158,161,0,0,0,0,0,0,0,0,0,0,0,0,0,0,0,0,0,4000,0,8000,48,1,1,0.304819,0.469779
294,797668.000000,0,0,158,161,0,0,0,0,0,0,0,0,0,0,0,0,0,0,0,0,0,4000,0,8000,48,1,1,0.304819,0.469779
295,797668.000000,0,0,158,161,0,0,0,0,0,0,0,0,0,0,0,0,0,0,0,0,0,4000,0,8000,48,1,1,0.304819,0.469779
296,797668.000000,0,0,158,161,0,0,0,0,0,0,0,0,0,0,0,0,0,0,0,0,0,4000,0,8000,48,1,1,0.304819,0.469779
297,797668.000000,0,0,158,161,0,0,0,0,0,0,0,0,0,0,0,0,0,0,0,0,0,4000,0,8000,48,1,1,0.304819,0.469779
298,797668.000000,0,0,158,161,0,0,0,0,0,0,0,0,0,0,0,0,0,0,0,0,0,4000,0,8000,48,1,1,0.304819,0.469779
299,797668.000000,0,0,158,161,0,0,0,0,0,0,0,0,0,0,0,0,0,0,0,0,0,4000,0,8000,48,1,1,0.304819,0.469779
300,797668.000000,0,0,158,161,0,0,0,0,0,0,0,0,0,0,0,0,0,0,0,0,0,4000,0,8000,48,1,1,0.304819,0.469779
301,797668.000000,0,0,158,161,0,0,0,0,0,0,0,0,0,0,0,0,0,0,0,0,0,4000,0,8000,48,1,1,0.304819,0.469779
302,797668.000000,0,0,158,161,0,0,0,0,0,0,0,0,0,0,0,0,0,0,0,0,0,4000,0,8000,48,1,1,0.304819,0.469779
303,797668.000000,0,0,158,161,0,0,0,0,0,0,0,0,0,0,0,0,0,0,0,0,0,4000,0,8000,48,1,1,0.304819,0.469779
304,797668.000000,0,0,158,161,0,0,0,0,0,0,0,0,0,0,0,0,0,0,0,0,0,4000,0,8000,48,1,1,0.304819,0.469779
305,797668.000000,0,0,158,161,0,0,0,0,0,0,0,0,0,0,0,0,0,0,0,0,0,4000,0,8000,48,1,1,0.304819,0.469779
306,797668.000000,0,0,158,161,0,0,0,0,0,0,0,0,0,0,0,0,0,0,0,0,0,4000,0,8000,48,1,1,0.304819,0.469779
307,797668.000000,0,0,158,161,0,0,0,0,0,0,0,0,0,0,0,0,0,0,0,0,0,4000,0,8000,48,1,1,0.304819,0.469779
308,797668.000000,0,0,158,161,0,0,0,0,0,0,0,0,0,0,0,0,0,0,0,0,0,4000,0,8000,48,1,1,0.304819,0.469779
309,797668.000000,0,0,158,161,0,0,0,0,0,0,0,0,0,0,0,0,0,0,0,0,0,4000,0,8000,48,1,1,0.304819,0.469779
310,797668.000000,0,0,158,161,0,0,0,0,0,0,0,0,0,0,0,0,0,0,0,0,0,4000,0,8000,48,1,1,0.304819,0.469779
311,797668.000000,0,0,158,161,0,0,0,0,0,0,0,0,0,0,0,0,0,0,0,0,0,4000,0,8000,48,1,1,0.304819,0.469779
312,797668.000000,0,0,158,161,0,0,0,0,0,0,0,0,0,0,0,0,0,0,0,0,0,4000,0,8000,48,1,1,0.304819,0.469779
313,797668.000000,0,0,158,161,0,0,0,0,0,0,0,0,0,0,0,0,0,0,0,0,0,4000,0,8000,48,1,1,0.304819,0.469779
314,797668.000000,0,0,158,161,0,0,0,0,0,0,0,0,0,0,0,0,0,0,0,0,0,4000,0,8000,48,1,1,0.304819,0.469779
315,797668.000000,0,0,158,161,0,0,0,0,0,0,0,0,0,0,0,0,0,0,0,0,0,4000,0,8000,48,1,1,0.304819,0.469779
316,797668.000000,0,0,158,161,0,0,0,0,0,0,0,0,0,0,0,0,0,0,0,0,0,4000,0,8000,48,1,1,0.304819,0.469779
317,797668.000000,0,0,158,161,0,0,0,0,0,0,0,0,0,0,0,0,0,0,0,0,0,4000,0,8000,48,1,1,0.304819,0.469779
318,797668.000000,0,0,158,161,0,0,0,0,0,0,0,0,0,0,0,0,0,0,0,0,0,4000,0,8000,48,1,1,0.304819,0.469779
319,797668.000000,0,0,158,161,0,0,0,0,0,0,0,0,0,0,0,0,0,0,0,0,0,4000,0,8000,48,1,1,0.304819,0.469779
320,797668.000000,0,0,158,161,0,0,0,0,0,0,0,0,0,0,0,0,0,0,0,0,0,4000,0,8000,48,1,1,0.304819,0.469779
321,797668.000000,0,0,158,161,0,0,0,0,0,0,0,0,0,0,0,0,0,0,0,0,0,4000,0,8000,48,1,1,0.304819,0.469779
322,797668.000000,0,0,158,161,0,0,0,0,0,0,0,0,0,0,0,0,0,0,0,0,0,4000,0,8000,48,1,1,0.304819,0.469779
323,797668.000000,0,0,158,161,0,0,0,0,0,0,0,0,0,0,0,0,0,0,0,0,0,4000,0,8000,48,1,1,0.304819,0.469779
324,797668.000000,0,0,158,161,0,0,0,0,0,0,0,0,0,0,0,0,0,0,0,0,0,4000,0,8000,48,1,1,0.304819,0.469779
325,797668.000000,0,0,158,161,0,0,0,0,0,0,0,0,0,0,0,0,0,0,0,0,0,4000,0,8000,48,1,1,0.304819,0.469779
326,797668.000000,0,0,158,161,0,0,0,0,0,0,0,0,0,0,0,0,0,0,0,0,0,0,0,0,48,1,1,0.304819,0.469779
327,797668.000000,0,0,158,161,0,0,0,0,0,0,0,0,0,0,0,0,0,0,0,0,0,0,0,0,48,1,1,0.304819,0.469779
328,797668.000000,0,0,158,161,0,0,0,0,0,0,0,0,0,0,0,0,0,0,0,0,0,0,0,0,48,1,1,0.304819,0.469779
329,797668.000000,0,0,158,161,0,0,0,0,0,0,0,0,0,0,0,0,0,0,0,0,0,0,0,0,48,1,1,0.304819,0.469779
330,797668.000000,0,0,158,161,0,0,0,0,0,0,0,0,0,0,0,0,0,0,0,0,0,0,0,0,48,1,1,0.304819,0.469779
331,797668.000000,0,0,158,161,0,0,0,0,0,0,0,0,0,0,0,0,0,0,0,0,0,0,0,0,48,1,1,0.304819,0.469779
332,797668.000000,0,0,158,161,0,0,0,0,0,0,0,0,0,0,0,0,0,0,0,0,0,0,0,0,48,1,1,0.304819,0.469779
333,797668.000000,0,0,158,161,0,0,0,0,0,0,0,0,0,0,0,0,0,0,0,0,0,0,0,0,48,1,1,0.304819,0.469779
334,797668.000000,0,0,158,161,0,0,0,0,0,0,0,0,0,0,0,0,0,0,0,0,0,0,0,0,48,1,1,0.304819,0.469779
335,797668.000000,0,0,158,161,0,0,0,0,0,0,0,0,0,0,0,0,0,0,0,0,0,0,0,0,48,1,1,0.304819,0.469779
336,797668.000000,0,0,158,161,0,0,0,0,0,0,0,0,0,0,0,0,0,0,0,0,0,0,0,0,48,1,1,0.304819,0.469779
337,797668.000000,0,0,158,161,0,0,0,0,0,0,0,0,0,0,0,0,0,0,0,0,0,0,0,0,48,1,1,0.304819,0.469779
338,797668.000000,0,0,158,161,0,0,0,0,0,0,0,0,0,0,0,0,0,0,0,0,0,0,0,0,48,1,1,0.304819,0.469779
339,797668.000000,0,0,158,161,0,0,0,0,0,0,0,0,0,0,0,0,0,0,0,0,0,0,0,0,48,1,1,0.304819,0.469779
340,797668.000000,0,0,158,161,0,0,0,0,0,0,0,0,0,0,0,0,0,0,0,0,0,0,0,0,48,1,1,0.304819,0.469779
341,797668.000000,0,0,158,161,0,0,0,0,0,0,0,0,0,0,0,0,0,0,0,0,0,0,0,0,48,1,1,0.304819,0.469779
342,797668.000000,0,0,158,161,0,0,0,0,0,0,0,0,0,0,0,0,0,0,0,0,0,0,0,0,48,1,1,0.304819,0.469779
343,797668.000000,0,0,158,161,0,0,0,0,0,0,0,0,0,0,0,0,0,0,0,0,0,0,0,0,48,1,1,0.304819,0.469779
344,797668.000000,0,0,158,161,0,0,0,0,0,0,0,0,0,0,0,0,0,0,0,0,0,0,0,0,48,1,1,0.304819,0.469779
345,797668.000000,0,0,158,161,0,0,0,0,0,0,0,0,0,0,0,0,0,0,0,0,0,0,0,0,48,1,1,0.304819,0.469779
346,797668.000000,0,0,158,161,0,0,0,0,0,0,0,0,0,0,0,0,0,0,0,0,0,0,0,0,48,1,1,0.304819,0.469779
347,797668.000000,0,0,158,161,0,0,0,0,0,0,0,0,0,0,0,0,0,0,0,0,0,0,0,0,48,1,1,0.304819,0.469779
348,797668.000000,0,0,158,161,0,0,0,0,0,0,0,0,0,0,0,0,0,0,0,0,0,0,0,0,48,1,1,0.304819,0.469779
349,797668.000000,0,0,158,161,0,0,0,0,0,0,0,0,0,0,0,0,0,0,0,0,0,0,0,0,48,1,1,0.304819,0.469779
350,797668.000000,0,0,158,161,0,0,0,0,0,0,0,0,0,0,0,0,0,0,0,0,0,0,0,0,48,1,1,0.304819,0.469779
351,797668.000000,0,0,158,161,0,0,0,0,0,0,0,0,0,0,0,0,0,0,0,0,0,0,0,0,48,1,1,0.304819,0.469779
352,797668.000000,0,0,158,161,0,0,0,0,0,0,0,0,0,0,0,0,0,0,0,0,0,0,0,0,48,1,1,0.304819,0.469779
353,797668.000000,0,0,158,161,0,0,0,0,0,0,0,0,0,0,0,0,0,0,0,0,0,0,0,0,48,1,1,0.304819,0.469779
354,797668.000000,0,0,158,161,0,0,0,0,0,0,0,0,0,0,0,0,0,0,0,0,0,0,0,0,48,1,1,0.304819,0.469779
355,797668.000000,0,0,158,161,0,0,0,0,0,0,0,0,0,0,0,0,0,0,0,0,0,0,0,0,48,1,1,0.304819,0.469779
356,797668.000000,0,0,158,161,0,0,0,0,0,0,0,0,0,0,0,0,0,0,0,0,0,0,0,0,48,1,1,0.304819,0.469779
357,797668.000000,0,0,158,161,0,0,0,0,0,0,0,0,0,0,0,0,0,0,0,0,0,0,0,0,48,1,1,0.304819,0.469779
358,797668.000000,0,0,158,161,0,0,0,0,0,0,0,0,0,0,0,0,0,0,0,0,0,0,0,0,48,1,1,0.304819,0.469779
359,797668.000000,0,0,158,161,0,0,0,0,0,0,0,0,0,0,0,0,0,0,0,0,0,0,0,0,48,1,1,0.304819,0.469779
360,797668.000000,0,0,158,161,0,0,0,0,0,0,0,0,0,0,0,0,0,0,0,0,0,0,0,0,48,1,1,0.304819,0.469779
361,797668.000000,0,0,158,161,0,0,0,0,0,0,0,0,0,0,0,0,0,0,0,0,0,0,0,0,48,1,1,0.304819,0.469779
362,797668.000000,0,0,158,161,0,0,0,0,0,0,0,0,0,0,0,0,0,0,0,0,0,0,0,0,48,1,1,0.304819,0.469779
363,797668.000000,0,0,158,161,0,0,0,0,0,0,0,0,0,0,0,0,0,0,0,0,0,0,0,0,48,1,1,0.304819,0.469779
364,797668.000000,0,0,158,161,0,0,0,0,0,0,0,0,0,0,0,0,0,0,0,0,0,0,0,0,48,1,1,0.304819,0.469779
365,797668.000000,0,0,158,161,0,0,0,0,0,0,0,0,0,0,0,0,0,0,0,0,0,0,0,0,48,1,1,0.304819,0.469779
366,797668.000000,0,0,158,161,0,0,0,0,0,0,0,0,0,0,0,0,0,0,0,0,0,0,0,0,48,1,1,0.304819,0.469779
367,797668.000000,0,0,158,161,0,0,0,0,0,0,0,0,0,0,0,0,0,0,0,0,0,0,0,0,48,1,1,0.304819,0.469779
368,797668.000000,0,0,158,161,0,0,0,0,0,0,0,0,0,0,0,0,0,0,0,0,0,0,0,0,48,1,1,0.304819,0.469779
369,797668.000000,0,0,158,161,0,0,0,0,0,0,0,0,0,0,0,0,0,0,0,0,0,0,0,0,48,1,1,0.304819,0.469779
370,797668.000000,0,0,158,161,0,0,0,0,0,0,0,0,0,0,0,0,0,0,0,0,0,0,0,0,48,1,1,0.304819,0.469779
371,797668.000000,0,0,158,161,0,0,0,0,0,0,0,0,0,0,0,0,0,0,0,0,0,0,0,0,48,1,1,0.304819,0.469779
372,797668.000000,0,0,158,161,0,0,0,0,0,0,0,0,0,0,0,0,0,0,0,0,0,0,0,0,48,1,1,0.304819,0.469779
373,797668.000000,0,0,158,161,0,0,0,0,0,0,0,0,0,0,0,0,0,0,0,0,0,0,0,0,48,1,1,0.304819,0.469779
374,797668.000000,0,0,158,161,0,0,0,0,0,0,0,0,0,0,0,0,0,0,0,0,0,0,0,0,48,1,1,0.304819,0.469779
375,797668.000000,0,0,158,161,0,0,0,0,0,0,0,0,0,0,0,0,0,0,0,0,0,0,0,0,48,1,1,0.304819,0.469779
376,797668.000000,0,0,158,161,0,0,0,0,0,0,0,0,0,0,0,0,0,0,0,0,0,0,0,0,48,1,1,0.304819,0.469779
377,797668.000000,0,0,158,161,0,0,0,0,0,0,0,0,0,0,0,0,0,0,0,0,0,0,0,0,48,1,1,0.304819,0.469779
378,797668.000000,0,0,158,161,0,0,0,0,0,0,0,0,0,0,0,0,0,0,0,0,0,0,0,0,48,1,1,0.304819,0.469779
379,797668.000000,0,0,158,161,0,0,0,0,0,0,0,0,0,0,0,0,0,0,0,0,0,0,0,0,48,1,1,0.304819,0.469779
380,797668.000000,0,0,158,161,0,0,0,0,0,0,0,0,0,0,0,0,0,0,0,0,0,0,0,0,48,1,1,0.304819,0.469779
381,797668.000000,0,0,158,161,0,0,0,0,0,0,0,0,0,0,0,0,0,0,0,0,0,0,0,0,48,1,1,0.304819,0.469779
382,797668.000000,0,0,158,161,0,0,0,0,0,0,0,0,0,0,0,0,0,0,0,0,0,0,0,0,48,1,1,0.304819,0.469779
383,797668.000000,0,0,158,161,0,0,0,0,0,0,0,0,0,0,0,0,0,0,0,0,0,0,0,0,48,1,1,0.304819,0.469779
384,797668.000000,0,0,158,161,0,0,0,0,0,0,0,0,0,0,0,0,0,0,0,0,0,0,0,0,48,1,1,0.304819,0.469779
385,797668.000000,0,0,158,161,0,0,0,0,0,0,0,0,0,0,0,0,0,0,0,0,0,0,0,0,48,1,1,0.304819,0.469779
386,797668.000000,0,0,158,161,0,0,0,0,0,0,0,0,0,0,0,0,0,0,0,0,0,0,0,0,48,1,1,0.304819,0.469779
387,797668.000000,0,0,158,161,0,0,0,0,0,0,0,0,0,0,0,0,0,0,0,0,0,0,0,0,48,1,1,0.304819,0.469779
388,797668.000000,0,0,158,161,0,0,0,0,0,0,0,0,0,0,0,0,0,0,0,0,0,0,0,0,48,1,1,0.304819,0.469779
389,797668.000000,0,0,158,161,0,0,0,0,0,0,0,0,0,0,0,0,0,0,0,0,0,0,0,0,48,1,1,0.304819,0.469779
390,797668.000000,0,0,158,161,0,0,0,0,0,0,0,0,0,0,0,0,0,0,0,0,0,0,0,0,48,1,1,0.304819,0.469779
391,797668.000000,0,0,158,161,0,0,0,0,0,0,0,0,0,0,0,0,0,0,0,0,0,0,0,0,48,1,1,0.304819,0.469779
392,797668.000000,0,0,158,161,0,0,0,0,0,0,0,0,0,0,0,0,0,0,0,0,0,0,0,0,48,1,1,0.304819,0.469779
393,797668.000000,0,0,158,161,0,0,0,0,0,0,0,0,0,0,0,0,0,0,0,0,0,0,0,0,48,1,1,0.304819,0.469779
394,797668.000000,0,0,158,161,0,0,0,0,0,0,0,0,0,0,0,0,0,0,0,0,0,0,0,0,48,1,1,0.304819,0.469779
395,797668.000000,0,0,158,161,0,0,0,0,0,0,0,0,0,0,0,0,0,0,0,0,0,0,0,0,48,1,1,0.304819,0.469779
396,797668.000000,0,0,158,161,0,0,0,0,0,0,0,0,0,0,0,0,0,0,0,0,0,0,0,0,48,1,1,0.304819,0.469779
397,797668.000000,0,0,158,161,0,0,0,0,0,0,0,0,0,0,0,0,0,0,0,0,0,0,0,0,48,1,1,0.304819,0.469779
398,797668.000000,0,0,158,161,0,0,0,0,0,0,0,0,0,0,0,0,0,0,0,0,0,0,0,0,48,1,1,0.304819,0.469779
399,797668.000000,0,0,158,161,0,0,0,0,0,0,0,0,0,0,0,0,0,0,0,0,0,0,0,0,48,1,1,0.304819,0.469779
400,797668.000000,0,0,158,161,0,0,0,0,0,0,0,0,0,0,0,0,0,0,0,0,0,0,0,0,48,1,1,0.304819,0.469779
401,797668.000000,0,0,158,161,0,0,0,0,0,0,0,0,0,0,0,0,0,0,0,0,0,0,0,0,48,1,1,0.304819,0.469779
402,797668.000000,0,0,158,161,0,0,0,0,0,0,0,0,0,0,0,0,0,0,0,0,0,0,0,0,48,1,1,0.304819,0.469779
403,797668.000000,0,0,158,161,0,0,0,0,0,0,0,0,0,0,0,0,0,0,0,0,0,0,0,0,48,1,1,0.304819,0.469779
404,797668.000000,0,0,158,161,0,0,0,0,0,0,0,0,0,0,0,0,0,0,0,0,0,0,0,0,48,1,1,0.304819,0.469779
405,797668.000000,0,0,158,161,0,0,0,0,0,0,0,0,0,0,0,0,0,0,0,0,0,0,0,0,48,1,1,0.304819,0.469779
406,797668.000000,0,0,158,161,0,0,0,0,0,0,0,0,0,0,0,0,0,0,0,0,0,0,0,0,48,1,1,0.304819,0.469779
407,797668.000000,0,0,158,161,0,0,0,0,0,0,0,0,0,0,0,0,0,0,0,0,0,0,0,0,48,1,1,0.304819,0.469779
408,797668.000000,0,0,158,161,0,0,0,0,0,0,0,0,0,0,0,0,0,0,0,0,0,0,0,0,48,1,1,0.304819,0.469779
409,797668.000000,0,0,158,161,0,0,0,0,0,0,0,0,0,0,0,0,0,0,0,0,0,0,0,0,48,1,1,0.304819,0.469779
410,797668.000000,0,0,158,161,0,0,0,0,0,0,0,0,0,0,0,0,0,0,0,0,0,0,0,0,48,1,1,0.304819,0.469779
411,797668.000000,0,0,158,161,0,0,0,0,0,0,0,0,0,0,0,0,0,0,0,0,0,0,0,0,48,1,1,0.304819,0.469779
412,797668.000000,0,0,158,161,0,0,0,0,0,0,0,0,0,0,0,0,0,0,0,0,0,0,0,0,48,1,1,0.304819,0.469779
413,797668.000000,0,0,158,161,0,0,0,0,0,0,0,0,0,0,0,0,0,0,0,0,0,0,0,0,48,1,1,0.304819,0.469779
414,797668.000000,0,0,158,161,0,0,0,0,0,0,0,0,0,0,0,0,0,0,0,0,0,0,0,0,48,1,1,0.304819,0.469779
415,797668.000000,0,0,158,161,0,0,0,0,0,0,0,0,0,0,0,0,0,0,0,0,0,0,0,0,48,1,1,0.304819,0.469779
416,797668.000000,0,0,158,161,0,0,0,0,0,0,0,0,0,0,0,0,0,0,0,0,0,0,0,0,48,1,1,0.304819,0.469779
417,797668.000000,0,0,158,161,0,0,0,0,0,0,0,0,0,0,0,0,0,0,0,0,0,0,0,0,48,1,1,0.304819,0.469779
418,797668.000000,0,0,158,161,0,0,0,0,0,0,0,0,0,0,0,0,0,0,0,0,0,0,0,0,48,1,1,0.304819,0.469779
419,797668.000000,0,0,158,161,0,0,0,0,0,0,0,0,0,0,0,0,0,0,0,0,0,0,0,0,48,1,1,0.304819,0.469779
420,797668.000000,0,0,158,161,0,0,0,0,0,0,0,0,0,0,0,0,0,0,0,0,0,0,0,0,48,1,1,0.304819,0.469779
421,797668.000000,0,0,158,161,0,0,0,0,0,0,0,0,0,0,0,0,0,0,0,0,0,0,0,0,48,1,1,0.304819,0.469779
422,797668.000000,0,0,158,161,0,0,0,0,0,0,0,0,0,0,0,0,0,0,0,0,0,0,0,0,48,1,1,0.304819,0.469779
423,797668.000000,0,0,158,161,0,0,0,0,0,0,0,0,0,0,0,0,0,0,0,0,0,0,0,0,48,1,1,0.304819,0.469779
424,797668.000000,0,0,158,161,0,0,0,0,0,0,0,0,0,0,0,0,0,0,0,0,0,0,0,0,48,1,1,0.304819,0.469779
425,797668.000000,0,0,158,161,0,0,0,0,0,0,0,0,0,0,0,0,0,0,0,0,0,0,0,0,48,1,1,0.304819,0.469779
426,797668.000000,0,0,158,161,0,0,0,0,0,0,0,0,0,0,0,0,0,0,0,0,0,0,0,0,48,1,1,0.304819,0.469779
427,797668.000000,0,0,158,161,0,0,0,0,0,0,0,0,0,0,0,0,0,0,0,0,0,0,0,0,48,1,1,0.304819,0.469779
428,797668.000000,0,0,158,161,0,0,0,0,0,0,0,0,0,0,0,0,0,0,0,0,0,0,0,0,48,1,1,0.304819,0.469779
429,797668.000000,0,0,158,161,0,0,0,0,0,0,0,0,0,0,0,0,0,0,0,0,0,0,0,0,48,1,1,0.304819,0.469779
430,797668.000000,0,0,158,161,0,0,0,0,0,0,0,0,0,0,0,0,0,0,0,0,0,0,0,0,48,1,1,0.304819,0.469779
431,797668.000000,0,0,158,161,0,0,0,0,0,0,0,0,0,0,0,0,0,0,0,0,0,0,0,0,48,1,1,0.304819,0.469779
432,797668.000000,0,0,158,161,0,0,0,0,0,0,0,0,0,0,0,0,0,0,0,0,0,0,0,0,48,1,1,0.304819,0.469779
433,797668.000000,0,0,158,161,0,0,0,0,0,0,0,0,0,0,0,0,0,0,0,0,0,0,0,0,48,1,1,0.304819,0.469779
434,797668.000000,0,0,158,161,0,0,0,0,0,0,0,0,0,0,0,0,0,0,0,0,0,0,0,0,48,1,1,0.304819,0.469779
435,797668.000000,0,0,158,161,0,0,0,0,0,0,0,0,0,0,0,0,0,0,0,0,0,0,0,0,48,1,1,0.304819,0.469779
436,797668.000000,0,0,158,161,0,0,0,0,0,0,0,0,0,0,0,0,0,0,0,0,0,0,0,0,48,1,1,0.304819,0.469779
437,797668.000000,0,0,158,161,0,0,0,0,0,0,0,0,0,0,0,0,0,0,0,0,0,0,0,0,48,1,1,0.304819,0.469779
438,797668.000000,0,0,158,161,0,0,0,0,0,0,0,0,0,0,0,0,0,0,0,0,0,0,0,0,48,1,1,0.304819,0.469779
439,797668.000000,0,0,158,161,0,0,0,0,0,0,0,0,0,0,0,0,0,0,0,0,0,0,0,0,48,1,1,0.304819,0.469779
440,797668.000000,0,0,158,161,0,0,0,0,0,0,0,0,0,0,0,0,0,0,0,0,0,0,0,0,48,1,1,0.304819,0.469779
441,797668.000000,0,0,158,161,0,0,0,0,0,0,0,0,0,0,0,0,0,0,0,0,0,0,0,0,48,1,1,0.304819,0.469779
442,797668.000000,0,0,158,161,0,0,0,0,0,0,0,0,0,0,0,0,0,0,0,0,0,0,0,0,48,1,1,0.304819,0.469779
443,797668.000000,0,0,158,161,0,0,0,0,0,0,0,0,0,0,0,0,0,0,0,0,0,0,0,0,48,1,1,0.304819,0.469779
444,797668.000000,0,0,158,161,0,0,0,0,0,0,0,0,0,0,0,0,0,0,0,0,0,0,0,0,48,1,1,0.304819,0.469779
445,797668.000000,0,0,158,161,0,0,0,0,0,0,0,0,0,0,0,0,0,0,0,0,0,0,0,0,48,1,1,0.304819,0.469779
446,797668.000000,0,0,158,161,0,0,0,0,0,0,0,0,0,0,0,0,0,0,0,0,0,0,0,0,48,1,1,0.304819,0.469779
447,797668.000000,0,0,158,161,0,0,0,0,0,0,0,0,0,0,0,0,0,0,0,0,0,0,0,0,48,1,1,0.304819,0.469779
448,797668.000000,0,0,158,161,0,0,0,0,0,0,0,0,0,0,0,0,0,0,0,0,0,0,0,0,48,1,1,0.304819,0.469779
449,797668.000000,0,0,158,161,0,0,0,0,0,0,0,0,0,0,0,0,0,0,0,0,0,0,0,0,48,1,1,0.304819,0.469779
450,797668.000000,0,0,158,161,0,0,0,0,0,0,0,0,0,0,0,0,0,0,0,0,0,0,0,0,48,1,1,0.304819,0.469779
451,797668.000000,0,0,158,161,0,0,0,0,0,0,0,0,0,0,0,0,0,0,0,0,0,0,0,0,48,1,1,0.304819,0.469779
452,797668.000000,0,0,158,161,0,0,0,0,0,0,0,0,0,0,0,0,0,0,0,0,0,0,0,0,48,1,1,0.304819,0.469779
453,797668.000000,0,0,158,161,0,0,0,0,0,0,0,0,0,0,0,0,0,0,0,0,0,0,0,0,48,1,1,0.304819,0.469779
454,797668.000000,0,0,158,161,0,0,0,0,0,0,0,0,0,0,0,0,0,0,0,0,0,0,0,0,48,1,1,0.304819,0.469779
455,797668.000000,0,0,158,161,0,0,0,0,0,0,0,0,0,0,0,0,0,0,0,0,0,0,0,0,48,1,1,0.304819,0.469779
456,797668.000000,0,0,158,161,0,0,0,0,0,0,0,0,0,0,0,0,0,0,0,0,0,0,0,0,48,1,1,0.304819,0.469779
457,797668.000000,0,0,158,161,0,0,0,0,0,0,0,0,0,0,0,0,0,0,0,0,0,0,0,0,48,1,1,0.304819,0.469779
458,797668.000000,0,0,158,161,0,0,0,0,0,0,0,0,0,0,0,0,0,0,0,0,0,0,0,0,48,1,1,0.304819,0.469779
459,797668.000000,0,0,158,161,0,0,0,0,0,0,0,0,0,0,0,0,0,0,0,0,0,0,0,0,48,1,1,0.304819,0.469779
460,797668.000000,0,0,158,161,0,0,0,0,0,0,0,0,0,0,0,0,0,0,0,0,0,0,0,0,48,1,1,0.304819,0.469779
461,797668.000000,0,0,158,161,0,0,0,0,0,0,0,0,0,0,0,0,0,0,0,0,0,0,0,0,48,1,1,0.304819,0.469779
462,797668.000000,0,0,158,161,0,0,0,0,0,0,0,0,0,0,0,0,0,0,0,0,0,0,0,0,48,1,1,0.304819,0.469779
463,797668.000000,0,0,158,161,0,0,0,0,0,0,0,0,0,0,0,0,0,0,0,0,0,0,0,0,48,1,1,0.304819,0.469779
464,797668.000000,0,0,158,161,0,0,0,0,0,0,0,0,0,0,0,0,0,0,0,0,0,0,0,0,48,1,1,0.304819,0.469779
465,797668.000000,0,0,158,161,0,0,0,0,0,0,0,0,0,0,0,0,0,0,0,0,0,0,0,0,48,1,1,0.304819,0.469779
466,797668.000000,0,0,158,161,0,0,0,0,0,0,0,0,0,0,0,0,0,0,0,0,0,0,0,0,48,1,1,0.304819,0.469779
467,797668.000000,0,0,158,161,0,0,0,0,0,0,0,0,0,0,0,0,0,0,0,0,0,0,0,0,48,1,1,0.304819,0.469779
468,797668.000000,0,0,158,161,0,0,0,0,0,0,0,0,0,0,0,0,0,0,0,0,0,0,0,0,48,1,1,0.304819,0.469779
469,797668.000000,0,0,158,161,0,0,0,0,0,0,0,0,0,0,0,0,0,0,0,0,0,0,0,0,48,1,1,0.304819,0.469779
470,797668.000000,0,0,158,161,0,0,0,0,0,0,0,0,0,0,0,0,0,0,0,0,0,0,0,0,48,1,1,0.304819,0.469779
471,797668.000000,0,0,158,161,0,0,0,0,0,0,0,0,0,0,0,0,0,0,0,0,0,0,0,0,48,1,1,0.304819,0.469779
472,797668.000000,0,0,158,161,0,0,0,0,0,0,0,0,0,0,0,0,0,0,0,0,0,0,0,0,48,1,1,0.304819,0.469779
473,797668.000000,0,0,158,161,0,0,0,0,0,0,0,0,0,0,0,0,0,0,0,0,0,0,0,0,48,1,1,0.304819,0.469779
474,797668.000000,0,0,158,161,0,0,0,0,0,0,0,0,0,0,0,0,0,0,0,0,0,0,0,0,48,1,1,0.304819,0.469779
475,797668.000000,0,0,158,161,0,0,0,0,0,0,0,0,0,0,0,0,0,0,0,0,0,0,0,0,48,1,1,0.304819,0.469779
476,797668.000000,0,0,158,161,0,0,0,0,0,0,0,0,0,0,0,0,0,0,0,0,0,0,0,0,48,1,1,0.304819,0.469779
477,797668.000000,0,0,158,161,0,0,0,0,0,0,0,0,0,0,0,0,0,0,0,0,0,0,0,0,48,1,1,0.304819,0.469779
478,797668.000000,0,0,158,161,0,0,0,0,0,0,0,0,0,0,0,0,0,0,0,0,0,0,0,0,48,1,1,0.304819,0.469779
479,797668.000000,0,0,158,161,0,0,0,0,0,0,0,0,0,0,0,0,0,0,0,0,0,0,0,0,48,1,1,0.304819,0.469779
480,797668.000000,0,0,158,161,0,0,0,0,0,0,0,0,0,0,0,0,0,0,0,0,0,0,0,0,48,1,1,0.304819,0.469779
481,797668.000000,0,0,158,161,0,0,0,0,0,0,0,0,0,0,0,0,0,0,0,0,0,0,0,0,48,1,1,0.304819,0.469779
482,797668.000000,0,0,158,161,0,0,0,0,0,0,0,0,0,0,0,0,0,0,0,0,0,0,0,0,48,1,1,0.304819,0.469779
483,797668.000000,0,0,158,161,0,0,0,0,0,0,0,0,0,0,0,0,0,0,0,0,0,0,0,0,48,1,1,0.304819,0.469779
484,797668.000000,0,0,158,161,0,0,0,0,0,0,0,0,0,0,0,0,0,0,0,0,0,0,0,0,48,1,1,0.304819,0.469779
485,797668.000000,0,0,158,161,0,0,0,0,0,0,0,0,0,0,0,0,0,0,0,0,0,0,0,0,48,1,1,0.304819,0.469779
486,797668.000000,0,0,158,161,0,0,0,0,0,0,0,0,0,0,0,0,0,0,0,0,0,0,0,0,48,1,1,0.304819,0.469779
487,797668.000000,0,0,158,161,0,0,0,0,0,0,0,0,0,0,0,0,0,0,0,0,0,0,0,0,48,1,1,0.304819,0.469779
488,797668.000000,0,0,158,161,0,0,0,0,0,0,0,0,0,0,0,0,0,0,0,0,0,0,0,0,48,1,1,0.304819,0.469779
489,797668.000000,0,0,158,161,0,0,0,0,0,0,0,0,0,0,0,0,0,0,0,0,0,0,0,0,48,1,1,0.304819,0.469779
490,797668.000000,0,0,158,161,0,0,0,0,0,0,0,0,0,0,0,0,0,0,0,0,0,0,0,0,48,1,1,0.304819,0.469779
491,797668.000000,0,0,158,161,0,0,0,0,0,0,0,0,0,0,0,0,0,0,0,0,0,0,0,0,48,1,1,0.304819,0.469779
492,797668.000000,0,0,158,161,0,0,0,0,0,0,0,0,0,0,0,0,0,0,0,0,0,0,0,0,48,1,1,0.304819,0.469779
493,797668.000000,0,0,158,161,0,0,0,0,0,0,0,0,0,0,0,0,0,0,0,0,0,0,0,0,48,1,1,0.304819,0.469779
494,797668.000000,0,0,158,161,0,0,0,0,0,0,0,0,0,0,0,0,0,0,0,0,0,0,0,0,48,1,1,0.304819,0.469779
495,797668.000000,0,0,158,161,0,0,0,0,0,0,0,0,0,0,0,0,0,0,0,0,0,0,0,0,48,1,1,0.304819,0.469779
496,797668.000000,0,0,158,161,0,0,0,0,0,0,0,0,0,0,0,0,0,0,0,0,0,0,0,0,48,1,1,0.304819,0.469779
497,797668.000000,0,0,158,161,0,0,0,0,0,0,0,0,0,0,0,0,0,0,0,0,0,0,0,0,48,1,1,0.304819,0.469779
498,797668.000000,0,0,158,161,0,0,0,0,0,0,0,0,0,0,0,0,0,0,0,0,0,0,0,0,48,1,1,0.304819,0.469779
499,797668.000000,0,0,158,161,0,0,0,0,0,0,0,0,0,0,0,0,0,0,0,0,0,0,0,0,48,1,1,0.304819,0.469779
500,797668.000000,0,0,158,161,0,0,0,0,0,0,0,0,0,0,0,0,0,0,0,0,0,0,0,0,48,1,1,0.304819,0.469779
501,797668.000000,0,0,158,161,0,0,0,0,0,0,0,0,0,0,0,0,0,0,0,0,0,0,0,0,48,1,1,0.304819,0.469779
502,797668.000000,0,0,158,161,0,0,0,0,0,0,0,0,0,0,0,0,0,0,0,0,0,0,0,0,48,1,1,0.304819,0.469779
503,797668.000000,0,0,158,161,0,0,0,0,0,0,0,0,0,0,0,0,0,0,0,0,0,0,0,0,48,1,1,0.304819,0.469779
504,797668.000000,0,0,158,161,0,0,0,0,0,0,0,0,0,0,0,0,0,0,0,0,0,0,0,0,48,1,1,0.304819,0.469779
505,797668.000000,0,0,158,161,0,0,0,0,0,0,0,0,0,0,0,0,0,0,0,0,0,0,0,0,48,1,1,0.304819,0.469779
506,797668.000000,0,0,158,161,0,0,0,0,0,0,0,0,0,0,0,0,0,0,0,0,0,0,0,0,48,1,1,0.304819,0.469779
507,797668.000000,0,0,158,161,0,0,0,0,0,0,0,0,0,0,0,0,0,0,0,0,0,0,0,0,48,1,1,0.304819,0.469779
508,797668.000000,0,0,158,161,0,0,0,0,0,0,0,0,0,0,0,0,0,0,0,0,0,0,0,0,48,1,1,0.304819,0.469779
509,797668.000000,0,0,158,161,0,0,0,0,0,0,0,0,0,0,0,0,0,0,0,0,0,0,0,0,48,1,1,0.304819,0.469779
510,797668.000000,0,0,158,161,0,0,0,0,0,0,0,0,0,0,0,0,0,0,0,0,0,0,0,0,48,1,1,0.304819,0.469779
511,797668.000000,0,0,158,161,0,0,0,0,0,0,0,0,0,0,0,0,0,0,0,0,0,0,0,0,48,1,1,0.304819,0.469779
512,797668.000000,0,0,158,161,0,0,0,0,0,0,0,0,0,0,0,0,0,0,0,0,0,0,0,0,48,1,1,0.304819,0.469779
513,797668.000000,0,0,158,161,0,0,0,0,0,0,0,0,0,0,0,0,0,0,0,0,0,0,0,0,48,1,1,0.304819,0.469779
514,797668.000000,0,0,158,161,0,0,0,0,0,0,0,0,0,0,0,0,0,0,0,0,0,0,0,0,48,1,1,0.304819,0.469779
515,797668.000000,0,0,158,161,0,0,0,0,0,0,0,0,0,0,0,0,0,0,0,0,0,0,0,0,48,1,1,0.304819,0.469779
516,797668.000000,0,0,158,161,0,0,0,0,0,0,0,0,0,0,0,0,0,0,0,0,0,0,0,0,48,1,1,0.304819,0.469779
517,797668.000000,0,0,158,161,0,0,0,0,0,0,0,0,0,0,0,0,0,0,0,0,0,0,0,0,48,1,1,0.304819,0.469779
518,797668.000000,0,0,158,161,0,0,0,0,0,0,0,0,0,0,0,0,0,0,0,0,0,0,0,0,48,1,1,0.304819,0.469779
519,797668.000000,0,0,158,161,0,0,0,0,0,0,0,0,0,0,0,0,0,0,0,0,0,0,0,0,48,1,1,0.304819,0.469779
520,797668.000000,0,0,158,161,0,0,0,0,0,0,0,0,0,0,0,0,0,0,0,0,0,0,0,0,48,1,1,0.304819,0.469779
521,797668.000000,0,0,158,161,0,0,0,0,0,0,0,0,0,0,0,0,0,0,0,0,0,0,0,0,48,1,1,0.304819,0.469779
522,797668.000000,0,0,158,161,0,0,0,0,0,0,0,0,0,0,0,0,0,0,0,0,0,0,0,0,48,1,1,0.304819,0.469779
523,797668.000000,0,0,158,161,0,0,0,0,0,0,0,0,0,0,0,0,0,0,0,0,0,0,0,0,48,1,1,0.304819,0.469779
524,797668.000000,0,0,158,161,0,0,0,0,0,0,0,0,0,0,0,0,0,0,0,0,0,0,0,0,48,1,1,0.304819,0.469779
525,797668.000000,0,0,158,161,0,0,0,0,0,0,0,0,0,0,0,0,0,0,0,0,0,0,0,0,48,1,1,0.304819,0.469779
526,797668.000000,0,0,158,161,0,0,0,0,0,0,0,0,0,0,0,0,0,0,0,0,0,0,0,0,48,1,1,0.304819,0.469779
527,797668.000000,0,0,158,161,0,0,0,0,0,0,0,0,0,0,0,0,0,0,0,0,0,0,0,0,48,1,1,0.304819,0.469779
528,797668.000000,0,0,158,161,0,0,0,0,0,0,0,0,0,0,0,0,0,0,0,0,0,0,0,0,48,1,1,0.304819,0.469779
529,797668.000000,0,0,158,161,0,0,0,0,0,0,0,0,0,0,0,0,0,0,0,0,0,0,0,0,48,1,1,0.304819,0.469779
530,797668.000000,0,0,158,161,0,0,0,0,0,0,0,0,0,0,0,0,0,0,0,0,0,0,0,0,48,1,1,0.304819,0.469779
531,797668.000000,0,0,158,161,0,0,0,0,0,0,0,0,0,0,0,0,0,0,0,0,0,0,0,0,48,1,1,0.304819,0.469779
532,797668.000000,0,0,158,161,0,0,0,0,0,0,0,0,0,0,0,0,0,0,0,0,0,0,0,0,48,1,1,0.304819,0.469779
533,797668.000000,0,0,158,161,0,0,0,0,0,0,0,0,0,0,0,0,0,0,0,0,0,0,0,0,48,1,1,0.304819,0.469779
534,797668.000000,0,0,158,161,0,0,0,0,0,0,0,0,0,0,0,0,0,0,0,0,0,0,0,0,48,1,1,0.304819,0.469779
535,797668.000000,0,0,158,161,0,0,0,0,0,0,0,0,0,0,0,0,0,0,0,0,0,0,0,0,48,1,1,0.304819,0.469779
536,797668.000000,0,0,158,161,0,0,0,0,0,0,0,0,0,0,0,0,0,0,0,0,0,0,0,0,48,1,1,0.304819,0.469779
537,797668.000000,0,0,158,161,0,0,0,0,0,0,0,0,0,0,0,0,0,0,0,0,0,0,0,0,48,1,1,0.304819,0.469779
538,797668.000000,0,0,158,161,0,0,0,0,0,0,0,0,0,0,0,0,0,0,0,0,0,0,0,0,48,1,1,0.304819,0.469779
539,797668.000000,0,0,158,161,0,0,0,0,0,0,0,0,0,0,0,0,0,0,0,0,0,0,0,0,48,1,1,0.304819,0.469779
540,797668.000000,0,0,158,161,0,0,0,0,0,0,0,0,0,0,0,0,0,0,0,0,0,0,0,0,48,1,1,0.304819,0.469779
541,797668.000000,0,0,158,161,0,0,0,0,0,0,0,0,0,0,0,0,0,0,0,0,0,0,0,0,48,1,1,0.304819,0.469779
542,797668.000000,0,0,158,161,0,0,0,0,0,0,0,0,0,0,0,0,0,0,0,0,0,0,0,0,48,1,1,0.304819,0.469779
543,797668.000000,0,0,158,161,0,0,0,0,0,0,0,0,0,0,0,0,0,0,0,0,0,0,0,0,48,1,1,0.304819,0.469779
544,797668.000000,0,0,158,161,0,0,0,0,0,0,0,0,0,0,0,0,0,0,0,0,0,0,0,0,48,1,1,0.304819,0.469779
545,797668.000000,0,0,158,161,0,0,0,0,0,0,0,0,0,0,0,0,0,0,0,0,0,0,0,0,48,1,1,0.304819,0.469779
546,797668.000000,0,0,158,161,0,0,0,0,0,0,0,0,0,0,0,0,0,0,0,0,0,0,0,0,48,1,1,0.304819,0.469779
547,797668.000000,0,0,158,161,0,0,0,0,0,0,0,0,0,0,0,0,0,0,0,0,0,0,0,0,48,1,1,0.304819,0.469779
548,797668.000000,0,0,158,161,0,0,0,0,0,0,0,0,0,0,0,0,0,0,0,0,0,0,0,0,48,1,1,0.304819,0.469779
549,797668.000000,0,0,158,161,0,0,0,0,0,0,0,0,0,0,0,0,0,0,0,0,0,0,0,0,48,1,1,0.304819,0.469779
550,797668.000000,0,0,158,161,0,0,0,0,0,0,0,0,0,0,0,0,0,0,0,0,0,0,0,0,48,1,1,0.304819,0.469779
551,797668.000000,0,0,158,161,0,0,0,0,0,0,0,0,0,0,0,0,0,0,0,0,0,0,0,0,48,1,1,0.304819,0.469779
552,797668.000000,0,0,158,161,0,0,0,0,0,0,0,0,0,0,0,0,0,0,0,0,0,0,0,0,48,1,1,0.304819,0.469779
553,797668.000000,0,0,158,161,0,0,0,0,0,0,0,0,0,0,0,0,0,0,0,0,0,0,0,0,48,1,1,0.304819,0.469779
554,797668.000000,0,0,158,161,0,0,0,0,0,0,0,0,0,0,0,0,0,0,0,0,0,0,0,0,48,1,1,0.304819,0.469779
555,797668.000000,0,0,158,161,0,0,0,0,0,0,0,0,0,0,0,0,0,0,0,0,0,0,0,0,48,1,1,0.304819,0.469779
556,797668.000000,0,0,158,161,0,0,0,0,0,0,0,0,0,0,0,0,0,0,0,0,0,0,0,0,48,1,1,0.304819,0.469779
557,797668.000000,0,0,158,161,0,0,0,0,0,0,0,0,0,0,0,0,0,0,0,0,0,0,0,0,48,1,1,0.304819,0.469779
558,797668.000000,0,0,158,161,0,0,0,0,0,0,0,0,0,0,0,0,0,0,0,0,0,0,0,0,48,1,1,0.304819,0.469779
559,797668.000000,0,0,158,161,0,0,0,0,0,0,0,0,0,0,0,0,0,0,0,0,0,0,0,0,48,1,1,0.304819,0.469779
560,797668.000000,0,0,158,161,0,0,0,0,0,0,0,0,0,0,0,0,0,0,0,0,0,0,0,0,48,1,1,0.304819,0.469779
561,797668.000000,0,0,158,161,0,0,0,0,0,0,0,0,0,0,0,0,0,0,0,0,0,0,0,0,48,1,1,0.304819,0.469779
562,797668.000000,0,0,158,161,0,0,0,0,0,0,0,0,0,0,0,0,0,0,0,0,0,0,0,0,48,1,1,0.304819,0.469779
563,797668.000000,0,0,158,161,0,0,0,0,0,0,0,0,0,0,0,0,0,0,0,0,0,0,0,0,48,1,1,0.304819,0.469779
564,797668.000000,0,0,158,161,0,0,0,0,0,0,0,0,0,0,0,0,0,0,0,0,0,0,0,0,48,1,1,0.304819,0.469779
565,797668.000000,0,0,158,161,0,0,0,0,0,0,0,0,0,0,0,0,0,0,0,0,0,0,0,0,48,1,1,0.304819,0.469779
566,797668.000000,0,0,158,161,0,0,0,0,0,0,0,0,0,0,0,0,0,0,0,0,0,0,0,0,48,1,1,0.304819,0.469779
567,797668.000000,0,0,158,161,0,0,0,0,0,0,0,0,0,0,0,0,0,0,0,0,0,0,0,0,48,1,1,0.304819,0.469779
568,797668.000000,0,0,158,161,0,0,0,0,0,0,0,0,0,0,0,0,0,0,0,0,0,0,0,0,48,1,1,0.304819,0.469779
569,797668.000000,0,0,158,161,0,0,0,0,0,0,0,0,0,0,0,0,0,0,0,0,0,0,0,0,48,1,1,0.304819,0.469779
570,797668.000000,0,0,158,161,0,0,0,0,0,0,0,0,0,0,0,0,0,0,0,0,0,0,0,0,48,1,1,0.304819,0.469779
571,797668.000000,0,0,158,161,0,0,0,0,0,0,0,0,0,0,0,0,0,0,0,0,0,0,0,0,48,1,1,0.304819,0.469779
572,797668.000000,0,0,158,161,0,0,0,0,0,0,0,0,0,0,0,0,0,0,0,0,0,0,0,0,48,1,1,0.304819,0.469779
573,797668.000000,0,0,158,161,0,0,0,0,0,0,0,0,0,0,0,0,0,0,0,0,0,0,0,0,48,1,1,0.304819,0.469779
574,797668.000000,0,0,158,161,0,0,0,0,0,0,0,0,0,0,0,0,0,0,0,0,0,0,0,0,48,1,1,0.304819,0.469779
575,797668.000000,0,0,158,161,0,0,0,0,0,0,0,0,0,0,0,0,0,0,0,0,0,0,0,0,48,1,1,0.304819,0.469779
576,797668.000000,0,0,158,161,0,0,0,0,0,0,0,0,0,0,0,0,0,0,0,0,0,0,0,0,48,1,1,0.304819,0.469779
577,797668.000000,0,0,158,161,0,0,0,0,0,0,0,0,0,0,0,0,0,0,0,0,0,0,0,0,48,1,1,0.304819,0.469779
578,797668.000000,0,0,158,161,0,0,0,0,0,0,0,0,0,0,0,0,0,0,0,0,0,0,0,0,48,1,1,0.304819,0.469779
579,797668.000000,0,0,158,161,0,0,0,0,0,0,0,0,0,0,0,0,0,0,0,0,0,0,0,0,48,1,1,0.304819,0.469779
580,797668.000000,0,0,158,161,0,0,0,0,0,0,0,0,0,0,0,0,0,0,0,0,0,0,0,0,48,1,1,0.304819,0.469779
581,797668.000000,0,0,158,161,0,0,0,0,0,0,0,0,0,0,0,0,0,0,0,0,0,0,0,0,48,1,1,0.304819,0.469779
582,797668.000000,0,0,158,161,0,0,0,0,0,0,0,0,0,0,0,0,0,0,0,0,0,0,0,0,48,1,1,0.304819,0.469779
583,797668.000000,0,0,158,161,0,0,0,0,0,0,0,0,0,0,0,0,0,0,0,0,0,0,0,0,48,1,1,0.304819,0.469779
584,797668.000000,0,0,158,161,0,0,0,0,0,0,0,0,0,0,0,0,0,0,0,0,0,0,0,0,48,1,1,0.304819,0.469779
585,797668.000000,0,0,158,161,0,0,0,0,0,0,0,0,0,0,0,0,0,0,0,0,0,0,0,0,48,1,1,0.304819,0.469779
586,797668.000000,0,0,158,161,0,0,0,0,0,0,0,0,0,0,0,0,0,0,0,0,0,0,0,0,48,1,1,0.304819,0.469779
587,797668.000000,0,0,158,161,0,0,0,0,0,0,0,0,0,0,0,0,0,0,0,0,0,0,0,0,48,1,1,0.304819,0.469779
588,797668.000000,0,0,158,161,0,0,0,0,0,0,0,0,0,0,0,0,0,0,0,0,0,0,0,0,48,1,1,0.304819,0.469779
589,797668.000000,0,0,158,161,0,0,0,0,0,0,0,0,0,0,0,0,0,0,0,0,0,0,0,0,48,1,1,0.304819,0.469779
590,797668.000000,0,0,158,161,0,0,0,0,0,0,0,0,0,0,0,0,0,0,0,0,0,0,0,0,48,1,1,0.304819,0.469779
591,797668.000000,0,0,158,161,0,0,0,0,0,0,0,0,0,0,0,0,0,0,0,0,0,0,0,0,48,1,1,0.304819,0.469779
592,797668.000000,0,0,158,161,0,0,0,0,0,0,0,0,0,0,0,0,0,0,0,0,0,0,0,0,48,1,1,0.304819,0.469779
593,797668.000000,0,0,158,161,0,0,0,0,0,0,0,0,0,0,0,0,0,0,0,0,0,0,0,0,48,1,1,0.304819,0.469779
594,797668.000000,0,0,158,161,0,0,0,0,0,0,0,0,0,0,0,0,0,0,0,0,0,0,0,0,48,1,1,0.304819,0.469779
595,797668.000000,0,0,158,161,0,0,0,0,0,0,0,0,0,0,0,0,0,0,0,0,0,0,0,0,48,1,1,0.304819,0.469779
596,797668.000000,0,0,158,161,0,0,0,0,0,0,0,0,0,0,0,0,0,0,0,0,0,0,0,0,48,1,1,0.304819,0.469779
597,797668.000000,0,0,158,161,0,0,0,0,0,0,0,0,0,0,0,0,0,0,0,0,0,0,0,0,48,1,1,0.304819,0.469779
598,797668.000000,0,0,158,161,0,0,0,0,0,0,0,0,0,0,0,0,0,0,0,0,0,0,0,0,48,1,1,0.304819,0.469779
599,797668.000000,0,0,158,161,0,0,0,0,0,0,0,0,0,0,0,0,0,0,0,0,0,0,0,0,48,1,1,0.304819,0.469779
600,797668.000000,0,0,158,161,0,0,0,0,0,0,0,0,0,0,0,0,0,0,0,0,0,0,0,0,48,1,1,0.304819,0.469779
601,797668.000000,0,0,158,161,0,0,0,0,0,0,0,0,0,0,0,0,0,0,0,0,0,0,0,0,48,1,1,0.304819,0.469779
602,797668.000000,0,0,158,161,0,0,0,0,0,0,0,0,0,0,0,0,0,0,0,0,0,0,0,0,48,1,1,0.304819,0.469779
603,797668.000000,0,0,158,161,0,0,0,0,0,0,0,0,0,0,0,0,0,0,0,0,0,0,0,0,48,1,1,0.304819,0.469779
604,797668.000000,0,0,158,161,0,0,0,0,0,0,0,0,0,0,0,0,0,0,0,0,0,0,0,0,48,1,1,0.304819,0.469779
605,797668.000000,0,0,158,161,0,0,0,0,0,0,0,0,0,0,0,0,0,0,0,0,0,0,0,0,48,1,1,0.304819,0.469779
606,797668.000000,0,0,158,161,0,0,0,0,0,0,0,0,0,0,0,0,0,0,0,0,0,0,0,0,48,1,1,0.304819,0.469779
607,797668.000000,0,0,158,161,0,0,0,0,0,0,0,0,0,0,0,0,0,0,0,0,0,0,0,0,48,1,1,0.304819,0.469779
608,797668.000000,0,0,158,161,0,0,0,0,0,0,0,0,0,0,0,0,0,0,0,0,0,0,0,0,48,1,1,0.304819,0.469779
609,797668.000000,0,0,158,161,0,0,0,0,0,0,0,0,0,0,0,0,0,0,0,0,0,0,0,0,48,1,1,0.304819,0.469779
610,797668.000000,0,0,158,161,0,0,0,0,0,0,0,0,0,0,0,0,0,0,0,0,0,0,0,0,48,1,1,0.304819,0.469779
611,797668.000000,0,0,158,161,0,0,0,0,0,0,0,0,0,0,0,0,0,0,0,0,0,0,0,0,48,1,1,0.304819,0.469779
612,797668.000000,0,0,158,161,0,0,0,0,0,0,0,0,0,0,0,0,0,0,0,0,0,0,0,0,48,1,1,0.304819,0.469779
613,797668.000000,0,0,158,161,0,0,0,0,0,0,0,0,0,0,0,0,0,0,0,0,0,0,0,0,48,1,1,0.304819,0.469779
614,797668.000000,0,0,158,161,0,0,0,0,0,0,0,0,0,0,0,0,0,0,0,0,0,0,0,0,48,1,1,0.304819,0.469779
615,797668.000000,0,0,158,161,0,0,0,0,0,0,0,0,0,0,0,0,0,0,0,0,0,0,0,0,48,1,1,0.304819,0.469779
616,797668.000000,0,0,158,161,0,0,0,0,0,0,0,0,0,0,0,0,0,0,0,0,0,0,0,0,48,1,1,0.304819,0.469779
617,797668.000000,0,0,158,161,0,0,0,0,0,0,0,0,0,0,0,0,0,0,0,0,0,0,0,0,48,1,1,0.304819,0.469779
618,797668.000000,0,0,158,161,0,0,0,0,0,0,0,0,0,0,0,0,0,0,0,0,0,0,0,0,48,1,1,0.304819,0.469779
619,797668.000000,0,0,158,161,0,0,0,0,0,0,0,0,0,0,0,0,0,0,0,0,0,0,0,0,48,1,1,0.304819,0.469779
620,797668.000000,0,0,158,161,0,0,0,0,0,0,0,0,0,0,0,0,0,0,0,0,0,0,0,0,48,1,1,0.304819,0.469779
621,797668.000000,0,0,158,161,0,0,0,0,0,0,0,0,0,0,0,0,0,0,0,0,0,0,0,0,48,1,1,0.304819,0.469779
622,797668.000000,0,0,158,161,0,0,0,0,0,0,0,0,0,0,0,0,0,0,0,0,0,0,0,0,48,1,1,0.304819,0.469779
623,797668.000000,0,0,158,161,0,0,0,0,0,0,0,0,0,0,0,0,0,0,0,0,0,0,0,0,48,1,1,0.304819,0.469779
624,797668.000000,0,0,158,161,0,0,0,0,0,0,0,0,0,0,0,0,0,0,0,0,0,0,0,0,48,1,1,0.304819,0.469779
625,797668.000000,0,0,158,161,0,0,0,0,0,0,0,0,0,0,0,0,0,0,0,0,0,0,0,0,48,1,1,0.304819,0.469779
626,797668.000000,0,0,158,161,0,0,0,0,0,0,0,0,0,0,0,0,0,0,0,0,0,0,0,0,48,1,1,0.304819,0.469779
627,797668.000000,0,0,158,161,0,0,0,0,0,0,0,0,0,0,0,0,0,0,0,0,0,0,0,0,48,1,1,0.304819,0.469779
628,797668.000000,0,0,158,161,0,0,0,0,0,0,0,0,0,0,0,0,0,0,0,0,0,0,0,0,48,1,1,0.304819,0.469779
629,797668.000000,0,0,158,161,0,0,0,0,0,0,0,0,0,0,0,0,0,0,0,0,0,0,0,0,48,1,1,0.304819,0.469779
630,797668.000000,0,0,158,161,0,0,0,0,0,0,0,0,0,0,0,0,0,0,0,0,0,0,0,0,48,1,1,0.304819,0.469779
631,797668.000000,0,0,158,161,0,0,0,0,0,0,0,0,0,0,0,0,0,0,0,0,0,0,0,0,48,1,1,0.304819,0.469779
632,797668.000000,0,0,158,161,0,0,0,0,0,0,0,0,0,0,0,0,0,0,0,0,0,0,0,0,48,1,1,0.304819,0.469779
633,797668.000000,0,0,158,161,0,0,0,0,0,0,0,0,0,0,0,0,0,0,0,0,0,0,0,0,48,1,1,0.304819,0.469779
634,797668.000000,0,0,158,161,0,0,0,0,0,0,0,0,0,0,0,0,0,0,0,0,0,0,0,0,48,1,1,0.304819,0.469779
635,797668.000000,0,0,158,161,0,0,0,0,0,0,0,0,0,0,0,0,0,0,0,0,0,0,0,0,48,1,1,0.304819,0.469779
636,797668.000000,0,0,158,161,0,0,0,0,0,0,0,0,0,0,0,0,0,0,0,0,0,0,0,0,48,1,1,0.304819,0.469779
637,797668.000000,0,0,158,161,0,0,0,0,0,0,0,0,0,0,0,0,0,0,0,0,0,0,0,0,48,1,1,0.304819,0.469779
638,797668.000000,0,0,158,161,0,0,0,0,0,0,0,0,0,0,0,0,0,0,0,0,0,0,0,0,48,1,1,0.304819,0.469779
639,797668.000000,0,0,158,161,0,0,0,0,0,0,0,0,0,0,0,0,0,0,0,0,0,0,0,0,48,1,1,0.304819,0.469779
640,797668.000000,0,0,158,161,0,0,0,0,0,0,0,0,0,0,0,0,0,0,0,0,0,0,0,0,48,1,1,0.304819,0.469779
641,797668.000000,0,0,158,161,0,0,0,0,0,0,0,0,0,0,0,0,0,0,0,0,0,0,0,0,48,1,1,0.304819,0.469779
642,797668.000000,0,0,158,161,0,0,0,0,0,0,0,0,0,0,0,0,0,0,0,0,0,0,0,0,48,1,1,0.304819,0.469779
643,797668.000000,0,0,158,161,0,0,0,0,0,0,0,0,0,0,0,0,0,0,0,0,0,0,0,0,48,1,1,0.304819,0.469779
644,797668.000000,0,0,158,161,0,0,0,0,0,0,0,0,0,0,0,0,0,0,0,0,0,0,0,0,48,1,1,0.304819,0.469779
645,797668.000000,0,0,158,161,0,0,0,0,0,0,0,0,0,0,0,0,0,0,0,0,0,0,0,0,48,1,1,0.304819,0.469779
646,797668.000000,0,0,158,161,0,0,0,0,0,0,0,0,0,0,0,0,0,0,0,0,0,0,0,0,48,1,1,0.304819,0.469779
647,797668.000000,0,0,158,161,0,0,0,0,0,0,0,0,0,0,0,0,0,0,0,0,0,0,0,0,48,1,1,0.304819,0.469779
648,797668.000000,0,0,158,161,0,0,0,0,0,0,0,0,0,0,0,0,0,0,0,0,0,0,0,0,48,1,1,0.304819,0.469779
649,797668.000000,0,0,158,161,0,0,0,0,0,0,0,0,0,0,0,0,0,0,0,0,0,0,0,0,48,1,1,0.304819,0.469779
650,797668.000000,0,0,158,161,0,0,0,0,0,0,0,0,0,0,0,0,0,0,0,0,0,0,0,0,48,1,1,0.304819,0.469779
651,797668.000000,0,0,158,161,0,0,0,0,0,0,0,0,0,0,0,0,0,0,0,0,0,0,0,0,48,1,1,0.304819,0.469779
652,797668.000000,0,0,158,161,0,0,0,0,0,0,0,0,0,0,0,0,0,0,0,0,0,0,0,0,48,1,1,0.304819,0.469779
653,797668.000000,0,0,158,161,0,0,0,0,0,0,0,0,0,0,0,0,0,0,0,0,0,0,0,0,48,1,1,0.304819,0.469779
654,797668.000000,0,0,158,161,0,0,0,0,0,0,0,0,0,0,0,0,0,0,0,0,0,0,0,0,48,1,1,0.304819,0.469779
655,797668.000000,0,0,158,161,0,0,0,0,0,0,0,0,0,0,0,0,0,0,0,0,0,0,0,0,48,1,1,0.304819,0.469779
656,797668.000000,0,0,158,161,0,0,0,0,0,0,0,0,0,0,0,0,0,0,0,0,0,0,0,0,48,1,1,0.304819,0.469779
657,797668.000000,0,0,158,161,0,0,0,0,0,0,0,0,0,0,0,0,0,0,0,0,0,0,0,0,48,1,1,0.304819,0.469779
658,797668.000000,0,0,158,161,0,0,0,0,0,0,0,0,0,0,0,0,0,0,0,0,0,0,0,0,48,1,1,0.304819,0.469779
659,797668.000000,0,0,158,161,0,0,0,0,0,0,0,0,0,0,0,0,0,0,0,0,0,0,0,0,48,1,1,0.304819,0.469779
660,797668.000000,0,0,158,161,0,0,0,0,0,0,0,0,0,0,0,0,0,0,0,0,0,0,0,0,48,1,1,0.304819,0.469779
661,797668.000000,0,0,158,161,0,0,0,0,0,0,0,0,0,0,0,0,0,0,0,0,0,0,0,0,48,1,1,0.304819,0.469779
662,797668.000000,0,0,158,161,0,0,0,0,0,0,0,0,0,0,0,0,0,0,0,0,0,0,0,0,48,1,1,0.304819,0.469779
663,797668.000000,0,0,158,161,0,0,0,0,0,0,0,0,0,0,0,0,0,0,0,0,0,0,0,0,48,1,1,0.304819,0.469779
664,797668.000000,0,0,158,161,0,0,0,0,0,0,0,0,0,0,0,0,0,0,0,0,0,0,0,0,48,1,1,0.304819,0.469779
665,797668.000000,0,0,158,161,0,0,0,0,0,0,0,0,0,0,0,0,0,0,0,0,0,0,0,0,48,1,1,0.304819,0.469779
666,797668.000000,0,0,158,161,0,0,0,0,0,0,0,0,0,0,0,0,0,0,0,0,0,0,0,0,48,1,1,0.304819,0.469779
667,797668.000000,0,0,158,161,0,0,0,0,0,0,0,0,0,0,0,0,0,0,0,0,0,0,0,0,48,1,1,0.304819,0.469779
668,797668.000000,0,0,158,161,0,0,0,0,0,0,0,0,0,0,0,0,0,0,0,0,0,0,0,0,48,1,1,0.304819,0.469779
669,797668.000000,0,0,158,161,0,0,0,0,0,0,0,0,0,0,0,0,0,0,0,0,0,0,0,0,48,1,1,0.304819,0.469779
670,797668.000000,0,0,158,161,0,0,0,0,0,0,0,0,0,0,0,0,0,0,0,0,0,0,0,0,48,1,1,0.304819,0.469779
671,797668.000000,0,0,158,161,0,0,0,0,0,0,0,0,0,0,0,0,0,0,0,0,0,0,0,0,48,1,1,0.304819,0.469779
672,797668.000000,0,0,158,161,0,0,0,0,0,0,0,0,0,0,0,0,0,0,0,0,0,0,0,0,48,1,1,0.304819,0.469779
673,797668.000000,0,0,158,161,0,0,0,0,0,0,0,0,0,0,0,0,0,0,0,0,0,0,0,0,48,1,1,0.304819,0.469779
674,797668.000000,0,0,158,161,0,0,0,0,0,0,0,0,0,0,0,0,0,0,0,0,0,0,0,0,48,1,1,0.304819,0.469779
675,797668.000000,0,0,158,161,0,0,0,0,0,0,0,0,0,0,0,0,0,0,0,0,0,0,0,0,48,1,1,0.304819,0.469779
676,797668.000000,0,0,158,161,0,0,0,0,0,0,0,0,0,0,0,0,0,0,0,0,0,0,0,0,48,1,1,0.304819,0.469779
677,797668.000000,0,0,158,161,0,0,0,0,0,0,0,0,0,0,0,0,0,0,0,0,0,0,0,0,48,1,1,0.304819,0.469779
678,797668.000000,0,0,158,161,0,0,0,0,0,0,0,0,0,0,0,0,0,0,0,0,0,0,0,0,48,1,1,0.304819,0.469779
679,797668.000000,0,0,158,161,0,0,0,0,0,0,0,0,0,0,0,0,0,0,0,0,0,0,0,0,48,1,1,0.304819,0.469779
680,797668.000000,0,0,158,161,0,0,0,0,0,0,0,0,0,0,0,0,0,0,0,0,0,0,0,0,48,1,1,0.304819,0.469779
681,797668.000000,0,0,158,161,0,0,0,0,0,0,0,0,0,0,0,0,0,0,0,0,0,0,0,0,48,1,1,0.304819,0.469779
682,797668.000000,0,0,158,161,0,0,0,0,0,0,0,0,0,0,0,0,0,0,0,0,0,0,0,0,48,1,1,0.304819,0.469779
683,797668.000000,0,0,158,161,0,0,0,0,0,0,0,0,0,0,0,0,0,0,0,0,0,0,0,0,48,1,1,0.304819,0.469779
684,797668.000000,0,0,158,161,0,0,0,0,0,0,0,0,0,0,0,0,0,0,0,0,0,0,0,0,48,1,1,0.304819,0.469779
685,797668.000000,0,0,158,161,0,0,0,0,0,0,0,0,0,0,0,0,0,0,0,0,0,0,0,0,48,1,1,0.304819,0.469779
686,797668.000000,0,0,158,161,0,0,0,0,0,0,0,0,0,0,0,0,0,0,0,0,0,0,0,0,48,1,1,0.304819,0.469779
687,797668.000000,0,0,158,161,0,0,0,0,0,0,0,0,0,0,0,0,0,0,0,0,0,0,0,0,48,1,1,0.304819,0.469779
688,797668.000000,0,0,158,161,0,0,0,0,0,0,0,0,0,0,0,0,0,0,0,0,0,0,0,0,48,1,1,0.304819,0.469779
689,797668.000000,0,0,158,161,0,0,0,0,0,0,0,0,0,0,0,0,0,0,0,0,0,0,0,0,48,1,1,0.304819,0.469779
690,797668.000000,0,0,158,161,0,0,0,0,0,0,0,0,0,0,0,0,0,0,0,0,0,0,0,0,48,1,1,0.304819,0.469779
691,797668.000000,0,0,158,161,0,0,0,0,0,0,0,0,0,0,0,0,0,0,0,0,0,0,0,0,48,1,1,0.304819,0.469779
692,797668.000000,0,0,158,161,0,0,0,0,0,0,0,0,0,0,0,0,0,0,0,0,0,0,0,0,48,1,1,0.304819,0.469779
693,797668.000000,0,0,158,161,0,0,0,0,0,0,0,0,0,0,0,0,0,0,0,0,0,0,0,0,48,1,1,0.304819,0.469779
694,797668.000000,0,0,158,161,0,0,0,0,0,0,0,0,0,0,0,0,0,0,0,0,0,0,0,0,48,1,1,0.304819,0.469779
695,797668.000000,0,0,158,161,0,0,0,0,0,0,0,0,0,0,0,0,0,0,0,0,0,0,0,0,48,1,1,0.304819,0.469779
696,797668.000000,0,0,158,161,0,0,0,0,0,0,0,0,0,0,0,0,0,0,0,0,0,0,0,0,48,1,1,0.304819,0.469779
697,797668.000000,0,0,158,161,0,0,0,0,0,0,0,0,0,0,0,0,0,0,0,0,0,0,0,0,48,1,1,0.304819,0.469779
698,797668.000000,0,0,158,161,0,0,0,0,0,0,0,0,0,0,0,0,0,0,0,0,0,0,0,0,48,1,1,0.304819,0.469779
699,797668.000000,0,0,158,161,0,0,0,0,0,0,0,0,0,0,0,0,0,0,0,0,0,0,0,0,48,1,1,0.304819,0.469779
700,797668.000000,0,0,158,161,0,0,0,0,0,0,0,0,0,0,0,0,0,0,0,0,0,0,0,0,48,1,1,0.304819,0.469779
701,797668.000000,0,0,158,161,0,0,0,0,0,0,0,0,0,0,0,0,0,0,0,0,0,0,0,0,48,1,1,0.304819,0.469779
702,797668.000000,0,0,158,161,0,0,0,0,0,0,0,0,0,0,0,0,0,0,0,0,0,0,0,0,48,1,1,0.304819,0.469779
703,797668.000000,0,0,158,161,0,0,0,0,0,0,0,0,0,0,0,0,0,0,0,0,0,0,0,0,48,1,1,0.304819,0.469779
704,797668.000000,0,0,158,161,0,0,0,0,0,0,0,0,0,0,0,0,0,0,0,0,0,0,0,0,48,1,1,0.304819,0.469779
705,797668.000000,0,0,158,161,0,0,0,0,0,0,0,0,0,0,0,0,0,0,0,0,0,0,0,0,48,1,1,0.304819,0.469779
706,797668.000000,0,0,158,161,0,0,0,0,0,0,0,0,0,0,0,0,0,0,0,0,0,0,0,0,48,1,1,0.304819,0.469779
707,797668.000000,0,0,158,161,0,0,0,0,0,0,0,0,0,0,0,0,0,0,0,0,0,0,0,0,48,1,1,0.304819,0.469779
708,797668.000000,0,0,158,161,0,0,0,0,0,0,0,0,0,0,0,0,0,0,0,0,0,0,0,0,48,1,1,0.304819,0.469779
709,797668.000000,0,0,158,161,0,0,0,0,0,0,0,0,0,0,0,0,0,0,0,0,0,0,0,0,48,1,1,0.304819,0.469779
710,797668.000000,0,0,158,161,0,0,0,0,0,0,0,0,0,0,0,0,0,0,0,0,0,0,0,0,48,1,1,0.304819,0.469779
711,797668.000000,0,0,158,161,0,0,0,0,0,0,0,0,0,0,0,0,0,0,0,0,0,0,0,0,48,1,1,0.304819,0.469779
712,797668.000000,0,0,158,161,0,0,0,0,0,0,0,0,0,0,0,0,0,0,0,0,0,0,0,0,48,1,1,0.304819,0.469779
713,797668.000000,0,0,158,161,0,0,0,0,0,0,0,0,0,0,0,0,0,0,0,0,0,0,0,0,48,1,1,0.304819,0.469779
714,797668.000000,0,0,158,161,0,0,0,0,0,0,0,0,0,0,0,0,0,0,0,0,0,0,0,0,48,1,1,0.304819,0.469779
715,797668.000000,0,0,158,161,0,0,0,0,0,0,0,0,0,0,0,0,0,0,0,0,0,0,0,0,48,1,1,0.304819,0.469779
716,797668.000000,0,0,158,161,0,0,0,0,0,0,0,0,0,0,0,0,0,0,0,0,0,0,0,0,48,1,1,0.304819,0.469779
717,797668.000000,0,0,158,161,0,0,0,0,0,0,0,0,0,0,0,0,0,0,0,0,0,0,0,0,48,1,1,0.304819,0.469779
718,797668.000000,0,0,158,161,0,0,0,0,0,0,0,0,0,0,0,0,0,0,0,0,0,0,0,0,48,1,1,0.304819,0.469779
719,797668.000000,0,0,158,161,0,0,0,0,0,0,0,0,0,0,0,0,0,0,0,0,0,0,0,0,48,1,1,0.304819,0.469779
720,797668.000000,0,0,158,161,0,0,0,0,0,0,0,0,0,0,0,0,0,0,0,0,0,0,0,0,48,1,1,0.304819,0.469779
